/*******************************************************************************
 * Size: 20 px
 * Bpp: 4
 * Opts: --font /home/jiang/.gemini/antigravity-cli/brain/8c498394-fd37-48f8-a6d3-f929537086e3/scratch/wqy.ttf -r 0x20-0x7e,0x25b2,0x25bc,0x2605,0x4e00,0x4e0a,0x4e2d,0x4e3b,0x4e66,0x4eae,0x4fe1,0x5165,0x5173,0x51fa,0x51fb,0x5206,0x5207,0x5236,0x5237,0x524d,0x52a1,0x52a8,0x53cc,0x53cd,0x53d1,0x53d6,0x53e5,0x53ef,0x53f0,0x540c,0x542f,0x547d,0x56de,0x5728,0x5904,0x5907,0x5b57,0x5b8c,0x5bf9,0x5c4f,0x5df2,0x5e55,0x5e95,0x5ea6,0x5f0f,0x5f53,0x5f55,0x5f85,0x601d,0x606f,0x610f,0x6210,0x6253,0x62a5,0x62e9,0x6309,0x6362,0x636e,0x63a5,0x63a7,0x641c,0x64ad,0x6570,0x65ad,0x65b0,0x65e0,0x65f6,0x6682,0x670d,0x672a,0x6a21,0x6b63,0x6c42,0x6d88,0x70b9,0x70ed,0x7406,0x7528,0x7535,0x754c,0x767d,0x76ee,0x77ed,0x786e,0x79bb,0x79d2,0x79fb,0x7aef,0x7b49,0x7cfb,0x7d22,0x7ebf,0x7edc,0x7edf,0x7f51,0x7f6e,0x8003,0x81f3,0x8272,0x8282,0x8ba4,0x8bbe,0x8bed,0x8bf7,0x8c03,0x8fc7,0x8fd4,0x8fdb,0x8fde,0x9000,0x9001,0x9009,0x914d,0x91cd,0x91cf,0x952e,0x957f,0x95f4,0x9762,0x97f3,0x9879,0x9898,0x98de,0x9ed1 --size 20 --bpp 4 --format lvgl --lv-include lvgl.h --lv-font-name ai_passport_cjk_fallback -o /home/jiang/github/Letgo/main/boards/folotoy/ai-passport/ai_passport_cjk_fallback.c
 ******************************************************************************/

#ifdef LV_LVGL_H_INCLUDE_SIMPLE
#include "lvgl.h"
#else
#include "lvgl.h"
#endif

#ifndef AI_PASSPORT_CJK_FALLBACK
#define AI_PASSPORT_CJK_FALLBACK 1
#endif

#if AI_PASSPORT_CJK_FALLBACK

/*-----------------
 *    BITMAPS
 *----------------*/

/*Store the image of the glyphs*/
static LV_ATTRIBUTE_LARGE_CONST const uint8_t glyph_bitmap[] = {
    /* U+0020 " " */

    /* U+0021 "!" */
    0x5f, 0xc0, 0x3, 0x88, 0xb, 0x81, 0x88, 0x8,
    0x4, 0x61, 0xe2, 0x2, 0x0, 0x30, 0xd, 0x68,
    0x5c, 0x94, 0xb1, 0x80, 0x80,

    /* U+0022 "\"" */
    0xaf, 0x22, 0x7d, 0x98, 0x19, 0x1, 0x8, 0x8,
    0x0, 0x78, 0x2, 0x1f, 0x31, 0x0, 0x18, 0xae,
    0x0, 0x3d, 0xc0,

    /* U+0023 "#" */
    0x0, 0xc5, 0xe8, 0x0, 0xd9, 0x0, 0xf3, 0x82,
    0x80, 0xb, 0x0, 0x3d, 0xa2, 0x20, 0x40, 0x70,
    0xc, 0x22, 0x45, 0x11, 0x18, 0x18, 0x80, 0x33,
    0xb8, 0x69, 0xdc, 0x80, 0xee, 0x30, 0x7d, 0xd0,
    0x45, 0xd8, 0x56, 0xec, 0xe0, 0x68, 0x20, 0xa8,
    0x81, 0xc4, 0x40, 0x80, 0x46, 0x4, 0x6, 0xa,
    0x1, 0x84, 0x5a, 0x42, 0x25, 0x1, 0x10, 0x2,
    0x3b, 0x8a, 0x5d, 0xc9, 0xd, 0xeb, 0xa, 0xbb,
    0x3, 0xdd, 0x89, 0x2e, 0xd0, 0x4, 0x8e, 0x16,
    0x88, 0x2c, 0x44, 0x18, 0x4, 0x80, 0x60, 0x40,
    0x80, 0x1e, 0xd3, 0x0, 0x20, 0x18, 0x6,

    /* U+0024 "$" */
    0x0, 0x93, 0xc4, 0x3, 0xc2, 0xa, 0x20, 0x12,
    0xf5, 0x5, 0xf6, 0x11, 0xd1, 0xb8, 0x4b, 0x81,
    0x58, 0x7e, 0x3, 0xc6, 0x0, 0x7f, 0xb0, 0x38,
    0xc0, 0x39, 0x24, 0xe0, 0x18, 0x40, 0x26, 0xe6,
    0x8, 0xe5, 0x0, 0x87, 0x42, 0x8a, 0x8c, 0x3,
    0x93, 0x82, 0xc0, 0x3f, 0xae, 0x10, 0x81, 0xf8,
    0x28, 0x5e, 0xe4, 0x24, 0x2c, 0xab, 0xb2, 0x3,
    0x35, 0x0, 0x2, 0x66, 0x2, 0x0, 0xf3, 0x38,
    0x80, 0x40,

    /* U+0025 "%" */
    0x9, 0xfe, 0x70, 0xe, 0xcb, 0x0, 0x9d, 0xa5,
    0xa1, 0x0, 0x26, 0x39, 0x0, 0xa9, 0x5a, 0xf,
    0x80, 0x28, 0x62, 0x0, 0x8b, 0x40, 0xa, 0xe0,
    0x8, 0x18, 0x0, 0xff, 0x85, 0xe0, 0x40, 0x31,
    0x70, 0x0, 0x98, 0x2c, 0x93, 0x7f, 0x4c, 0x15,
    0xc9, 0x11, 0xa6, 0xb1, 0xc3, 0x63, 0xa1, 0x25,
    0xb6, 0x8d, 0xe6, 0xe5, 0x9, 0xe2, 0x83, 0x9b,
    0xab, 0x53, 0xf6, 0x5, 0x3, 0x2, 0x0, 0x11,
    0x2, 0xd8, 0xc4, 0x3, 0x84, 0x3, 0x38, 0xc0,
    0x8, 0x18, 0x4, 0x20, 0x10, 0xc4, 0x4, 0x18,
    0x18, 0xc, 0x8, 0x2, 0x81, 0x70, 0x1, 0x1c,
    0xaf, 0x8a, 0x0, 0xd, 0xac, 0x3, 0x70, 0xd0,
    0xe8, 0x0,

    /* U+0026 "&" */
    0x0, 0x26, 0x77, 0x2c, 0xc0, 0x3c, 0x76, 0x4c,
    0xe9, 0xa2, 0x1, 0xd6, 0x15, 0x13, 0x21, 0x40,
    0xf, 0x9c, 0x0, 0x20, 0x20, 0x1d, 0x61, 0x20,
    0x90, 0x48, 0x1, 0xc6, 0xcb, 0x96, 0x98, 0x1,
    0xf0, 0x81, 0x9a, 0xc4, 0x3, 0xd8, 0xee, 0x53,
    0x90, 0xa, 0xb0, 0x20, 0xe2, 0x14, 0x8d, 0x0,
    0x4a, 0xc0, 0xa0, 0xe0, 0xb, 0x47, 0x89, 0x9,
    0x3, 0x0, 0xeb, 0x37, 0x47, 0x30, 0x50, 0x40,
    0xc, 0xa0, 0xe, 0x0, 0x40, 0x5c, 0xb4, 0x6b,
    0x30, 0xa5, 0x40, 0xf5, 0x5e, 0x59, 0xf2, 0x70,
    0xa9, 0x0,

    /* U+0027 "'" */
    0xaf, 0x23, 0x3, 0x10, 0x1e, 0x0, 0x18, 0x82,
    0xe0, 0x0,

    /* U+0028 "(" */
    0x0, 0xa7, 0xc8, 0x0, 0x8c, 0xe4, 0x0, 0x90,
    0x80, 0x1, 0x93, 0x0, 0x54, 0x1a, 0x1, 0x20,
    0x20, 0x4, 0x44, 0x0, 0x84, 0x18, 0x2, 0x30,
    0x10, 0xe, 0x10, 0x8, 0xc1, 0xc0, 0x21, 0x2,
    0x0, 0xc8, 0x24, 0x1, 0x60, 0x20, 0x4, 0xc1,
    0x40, 0x10, 0xb1, 0x98, 0x2, 0x81, 0xf0, 0x8,
    0x75, 0x8,

    /* U+0029 ")" */
    0x2f, 0x90, 0x8, 0xa1, 0x90, 0x2, 0x70, 0x90,
    0xc, 0xc4, 0x60, 0x16, 0x85, 0x0, 0x48, 0x8,
    0x1, 0x88, 0x80, 0x19, 0x80, 0x40, 0x21, 0x2,
    0x0, 0xe1, 0x0, 0x98, 0xc, 0x2, 0x20, 0x10,
    0x0, 0x89, 0x0, 0x27, 0xc, 0x0, 0xa8, 0x18,
    0x0, 0x66, 0x61, 0x0, 0x78, 0xc0, 0x0, 0x53,
    0x44, 0x0,

    /* U+002A "*" */
    0x0, 0xcf, 0xec, 0x1, 0xf8, 0x80, 0xc0, 0x38,
    0x40, 0xc, 0xc, 0x0, 0x10, 0x7, 0x6c, 0x28,
    0x34, 0x6f, 0x0, 0xa0, 0xac, 0x85, 0x28, 0xa0,
    0x8a, 0xf3, 0x2, 0x22, 0xdc, 0xb1, 0x0, 0xac,
    0x74, 0xa8, 0x3, 0x99, 0x58, 0xd9, 0x58, 0x3,
    0x19, 0x58, 0x59, 0x18, 0x6, 0x5d, 0x20, 0x2d,
    0x50, 0x0,

    /* U+002B "+" */
    0x0, 0xc2, 0x1, 0xf8, 0xf8, 0xc0, 0x3f, 0xf9,
    0x84, 0x53, 0x3, 0x11, 0x41, 0xbb, 0x50, 0x56,
    0xec, 0x15, 0x54, 0x4, 0x55, 0x40, 0xab, 0x20,
    0x22, 0xac, 0x1, 0xff, 0xc9,

    /* U+002C "," */
    0x7, 0xf8, 0xd, 0xd, 0x7, 0x5, 0x2, 0x60,
    0x40, 0xb0,

    /* U+002D "-" */
    0x2a, 0xac, 0xc2, 0xab, 0xb0,

    /* U+002E "." */
    0x2a, 0x5a, 0x58, 0xc0, 0x40,

    /* U+002F "/" */
    0x0, 0xea, 0xf1, 0x0, 0xc2, 0xaa, 0x10, 0xc,
    0xe1, 0xc0, 0x1d, 0x62, 0x80, 0x18, 0xc9, 0x80,
    0x3a, 0x82, 0x80, 0x39, 0xcc, 0x80, 0x32, 0x8d,
    0x0, 0x77, 0x3, 0x0, 0x61, 0x45, 0x0, 0xe6,
    0xe, 0x0, 0xea, 0x14, 0x0, 0xc6, 0x4c, 0x1,
    0xd4, 0x14, 0x1, 0xc0,

    /* U+0030 "0" */
    0x0, 0xa3, 0xbf, 0x5c, 0x3, 0xad, 0xc9, 0x86,
    0x28, 0x2, 0x44, 0x2e, 0x4e, 0x2a, 0x90, 0x1,
    0xc1, 0x0, 0x14, 0x7, 0x0, 0x1c, 0x48, 0x2,
    0x21, 0x70, 0x1, 0x18, 0x7, 0x11, 0x0, 0x21,
    0x0, 0xe7, 0x0, 0xff, 0xe1, 0x88, 0x7, 0x38,
    0x4, 0x46, 0x1, 0xc4, 0x20, 0x4, 0x12, 0x0,
    0x88, 0x50, 0x1, 0x41, 0x0, 0x14, 0x7, 0x80,
    0xd, 0x55, 0x91, 0x8a, 0x8a, 0x1, 0x54, 0xb,
    0x93, 0xd8, 0x0,

    /* U+0031 "1" */
    0x0, 0x93, 0xbc, 0x0, 0xf6, 0x20, 0xb, 0x87,
    0x40, 0xa, 0x61, 0xc0, 0x16, 0xc0, 0x1f, 0xfe,
    0xd0,

    /* U+0032 "2" */
    0x0, 0x25, 0xf7, 0xeb, 0x0, 0x53, 0x6a, 0xec,
    0x73, 0x0, 0xa, 0x7e, 0x99, 0x71, 0x38, 0x81,
    0xc0, 0x6, 0x40, 0x50, 0xf, 0x8c, 0x18, 0x3,
    0xe4, 0x22, 0x0, 0x7a, 0x6, 0x0, 0x3c, 0xae,
    0xaa, 0x0, 0xe4, 0xa3, 0xa0, 0xe, 0x3b, 0x3c,
    0x0, 0xe3, 0xc2, 0xd0, 0xe, 0x3d, 0x2c, 0x10,
    0xe, 0xd1, 0x15, 0xd5, 0x69, 0x11, 0x1, 0xaa,
    0xf2, 0x0,

    /* U+0033 "3" */
    0x0, 0x3e, 0x7f, 0xb2, 0x0, 0x2d, 0x80, 0x66,
    0xb, 0xe0, 0x2, 0x73, 0x13, 0x2d, 0x33, 0x20,
    0x21, 0x80, 0x6b, 0x1, 0x0, 0xfa, 0xc1, 0x0,
    0x22, 0x22, 0x59, 0xc8, 0x80, 0x5b, 0xab, 0x6b,
    0x60, 0xd, 0x54, 0x86, 0xba, 0x0, 0xca, 0xa7,
    0xb8, 0x57, 0x0, 0xf9, 0xc2, 0xc0, 0x3e, 0x20,
    0x0, 0x90, 0x7, 0x40, 0x59, 0x6e, 0xaa, 0x2b,
    0x94, 0xdc, 0xdc, 0x51, 0xd4, 0xa3, 0x0,

    /* U+0034 "4" */
    0x0, 0xf5, 0x7c, 0x0, 0x7c, 0xaa, 0x0, 0xfc,
    0x54, 0xc0, 0x1f, 0xb8, 0xac, 0x3, 0xe8, 0x3e,
    0x0, 0xf8, 0xde, 0xc, 0x3, 0xc3, 0xa8, 0xe0,
    0x20, 0x1d, 0x61, 0x40, 0x1f, 0x32, 0xd8, 0x80,
    0x7d, 0x41, 0x5f, 0xf6, 0x3, 0xfc, 0xa2, 0xaf,
    0x20, 0x12, 0xfc, 0x55, 0x74, 0x2, 0xd3, 0x0,
    0x7f, 0xf2, 0x80,

    /* U+0035 "5" */
    0xe, 0xff, 0xed, 0x0, 0x9, 0x2a, 0xf0, 0x8,
    0x25, 0x56, 0x80, 0x30, 0xe0, 0xf, 0x30, 0x10,
    0x7, 0x84, 0x2f, 0xfd, 0xb0, 0x20, 0xea, 0xee,
    0x60, 0x7c, 0x12, 0xa9, 0x89, 0xd5, 0x29, 0x0,
    0xf5, 0x82, 0x80, 0x78, 0x40, 0xc0, 0x3c, 0x40,
    0x46, 0x1, 0xd0, 0x15, 0x1d, 0x51, 0x3a, 0xa8,
    0xde, 0xa8, 0xec, 0x33, 0x60,

    /* U+0036 "6" */
    0x0, 0x9b, 0x3f, 0xdc, 0x1, 0xb2, 0x45, 0xa1,
    0xc0, 0x2a, 0x39, 0xd9, 0x79, 0x0, 0x12, 0xb3,
    0x0, 0x3c, 0xa1, 0x40, 0x1, 0x0, 0xd8, 0x3,
    0x9f, 0xda, 0xa0, 0x6, 0xf, 0x6a, 0x90, 0xa5,
    0x0, 0xae, 0x95, 0xb0, 0x24, 0x2, 0x60, 0x8,
    0x50, 0xc0, 0x40, 0x3c, 0x20, 0x28, 0x6, 0x1,
    0x9c, 0x6, 0x83, 0xc0, 0x24, 0x25, 0x2, 0x73,
    0xd8, 0xab, 0x18, 0x0, 0x44, 0x83, 0xa2, 0xe1,
    0x0,

    /* U+0037 "7" */
    0x2f, 0xff, 0xe1, 0x35, 0x5f, 0x80, 0x2, 0x2a,
    0xaf, 0x40, 0x30, 0x7, 0xeb, 0xb, 0x0, 0xf8,
    0x59, 0x8, 0x3, 0xe6, 0xf, 0x0, 0xfd, 0x24,
    0x80, 0x1f, 0x28, 0xd0, 0x7, 0xe9, 0x7, 0x0,
    0xf9, 0xd, 0x80, 0x3f, 0x78, 0x58, 0x7, 0xc4,
    0x88, 0x20, 0xf, 0xac, 0x3c, 0x3, 0xe1, 0x62,
    0x40, 0xe,

    /* U+0038 "8" */
    0x1, 0x8d, 0xfd, 0x91, 0x0, 0x63, 0xb3, 0xb9,
    0xb0, 0x58, 0x9e, 0xe2, 0xa0, 0x9c, 0x43, 0x0,
    0x23, 0x1, 0x40, 0xd0, 0xb, 0x0, 0xcc, 0xcc,
    0x92, 0x97, 0x64, 0x9, 0x66, 0x6b, 0x44, 0x80,
    0x1d, 0x8e, 0x6, 0x18, 0x1a, 0x1b, 0x1f, 0x92,
    0x56, 0xc6, 0x40, 0x2b, 0x18, 0x23, 0x0, 0xe2,
    0x21, 0x91, 0x0, 0x23, 0x3a, 0x3, 0x66, 0x2b,
    0x3, 0xd3, 0x15, 0x1d, 0x17, 0x4c,

    /* U+0039 "9" */
    0x1, 0xae, 0xfd, 0x70, 0x8, 0x7d, 0x51, 0xc6,
    0x28, 0x1, 0x3, 0x54, 0x8c, 0x65, 0x40, 0x71,
    0x50, 0xa, 0x43, 0xc0, 0x48, 0x3, 0x8d, 0x40,
    0x8c, 0x40, 0x21, 0x31, 0xb, 0xd, 0x32, 0x5c,
    0x0, 0x9a, 0xf, 0x36, 0xa0, 0x40, 0x27, 0xfc,
    0xc7, 0xa8, 0x90, 0x6, 0x33, 0x1, 0x82, 0x0,
    0x7d, 0x41, 0xa0, 0x1e, 0x66, 0x1a, 0x0, 0x21,
    0xe3, 0x24, 0xb8, 0x2, 0x48, 0x70, 0x8d, 0x20,
    0x0,

    /* U+003A ":" */
    0x4f, 0x9c, 0x7, 0xa5, 0xb2, 0xa5, 0x0, 0xff,
    0xe0, 0x15, 0x2d, 0x2c, 0x60, 0x20,

    /* U+003B ";" */
    0x4, 0xf9, 0xc, 0x7, 0xa, 0x5b, 0x2, 0xa5,
    0x0, 0xff, 0xe4, 0xbf, 0xc8, 0x68, 0x68, 0x38,
    0xa0, 0x13, 0x82, 0xd, 0x80,

    /* U+003C "<" */
    0x0, 0xff, 0xe2, 0xbf, 0x0, 0x79, 0xba, 0x1c,
    0x3, 0x2e, 0xcb, 0xf4, 0x80, 0x13, 0x69, 0x3a,
    0x44, 0x1, 0x96, 0x9d, 0x22, 0x1, 0x9c, 0x15,
    0x0, 0x3d, 0x7a, 0xd5, 0xce, 0x20, 0x18, 0xab,
    0x9e, 0x3a, 0x48, 0x3, 0xc, 0xf4, 0x3e, 0x80,
    0x78, 0x5f, 0xa4, 0x0,

    /* U+003D "=" */
    0x22, 0xfe, 0xd, 0xdf, 0xe0, 0xaa, 0xfe, 0x5,
    0x5f, 0xe0, 0x22, 0xfe, 0xd, 0xdf, 0xe0, 0xaa,
    0xfe, 0x0,

    /* U+003E ">" */
    0x0, 0xff, 0x73, 0x80, 0x7e, 0x78, 0xe6, 0x0,
    0xf4, 0xf3, 0xce, 0xa8, 0x7, 0xc, 0xf2, 0x56,
    0xa0, 0x7, 0xc, 0xf2, 0x5e, 0x0, 0x79, 0x14,
    0x1c, 0x2, 0x17, 0xea, 0x6c, 0xb0, 0x29, 0xe8,
    0x7d, 0xa3, 0x0, 0x6b, 0xbb, 0xa4, 0x80, 0x34,
    0xf4, 0x8, 0x7, 0x80,

    /* U+003F "?" */
    0x17, 0xcf, 0xeb, 0x30, 0x78, 0x15, 0x44, 0x61,
    0xb6, 0xea, 0xa9, 0xa1, 0x0, 0x40, 0x11, 0xb,
    0x0, 0x70, 0x89, 0xc0, 0x3a, 0xc2, 0x40, 0x35,
    0xad, 0x18, 0x5, 0x69, 0x6a, 0x1, 0x12, 0x4a,
    0x0, 0x61, 0x37, 0x0, 0xe3, 0xc1, 0x0, 0xe4,
    0xb4, 0x0, 0xee, 0x4f, 0x0, 0xec, 0xc, 0x0,
    0x80,

    /* U+0040 "@" */
    0x0, 0xc5, 0x1b, 0xdf, 0xd6, 0xa0, 0x1f, 0x4e,
    0xaa, 0xa2, 0xa4, 0x2b, 0x4, 0x3, 0x63, 0xde,
    0xc3, 0x2b, 0xde, 0x8e, 0x8, 0x2, 0x4f, 0x10,
    0xef, 0xfd, 0xd6, 0x5e, 0x52, 0x4, 0xd2, 0x44,
    0xc6, 0xab, 0x54, 0x2, 0x76, 0xa, 0x16, 0x9,
    0x1d, 0x54, 0x30, 0xb, 0x4, 0x91, 0x40, 0x8,
    0xe0, 0x10, 0x88, 0x0, 0xc0, 0x24, 0x40, 0x10,
    0xe0, 0x8, 0x8c, 0x0, 0x20, 0x20, 0x20, 0x21,
    0xc0, 0x12, 0x80, 0x48, 0x4, 0x64, 0x0, 0x56,
    0x41, 0x93, 0x23, 0x29, 0x70, 0x74, 0x0, 0x59,
    0xdf, 0x26, 0x36, 0x6a, 0x40, 0x70, 0xa8, 0xe,
    0x6e, 0xc3, 0x3b, 0xd4, 0x0, 0x44, 0x59, 0x80,
    0x8, 0x80, 0x11, 0x8, 0x6, 0xa2, 0xca, 0x42,
    0x12, 0x48, 0x80, 0x7, 0xe, 0x4b, 0xde, 0xf6,
    0xda, 0xf0, 0x7, 0xcd, 0xbd, 0x98, 0xde, 0xd6,
    0x0, 0xc0,

    /* U+0041 "A" */
    0x0, 0xee, 0xf1, 0x0, 0xfe, 0x51, 0x6, 0x0,
    0xfe, 0xe1, 0x3a, 0x0, 0xfc, 0x28, 0xf6, 0x46,
    0x1, 0xf3, 0x5, 0x30, 0x50, 0x7, 0xd4, 0x26,
    0x28, 0xe0, 0x1e, 0x32, 0x60, 0x6, 0x8a, 0x80,
    0x75, 0x5, 0x0, 0x18, 0x38, 0x3, 0x9c, 0x37,
    0xfe, 0x4, 0x10, 0x9, 0x44, 0xd5, 0x72, 0x3,
    0x0, 0x5c, 0x1b, 0x55, 0xac, 0x68, 0x0, 0x28,
    0x81, 0x0, 0xe7, 0x23, 0x6, 0xd, 0x0, 0xf5,
    0x5, 0x5, 0x3, 0x0, 0x78, 0xc5, 0xc0,

    /* U+0042 "B" */
    0x1f, 0xfe, 0xeb, 0x40, 0xc, 0x2c, 0xd2, 0xa5,
    0xb0, 0x4, 0x53, 0x35, 0xd8, 0x2c, 0x3, 0xf2,
    0x0, 0x7f, 0x90, 0x10, 0x2, 0x28, 0x8a, 0xad,
    0xa4, 0x2, 0x17, 0x79, 0x53, 0x0, 0x31, 0xff,
    0xda, 0x35, 0x20, 0x1f, 0x15, 0x13, 0x10, 0x7,
    0xe7, 0x6, 0x0, 0xfc, 0x20, 0xe0, 0x1f, 0x1a,
    0x9, 0x80, 0xa, 0x22, 0xbc, 0x8, 0x0, 0x85,
    0xde, 0x54, 0xb6, 0x0,

    /* U+0043 "C" */
    0x0, 0x8e, 0xbb, 0xfb, 0x20, 0x40, 0x13, 0x8a,
    0x4a, 0xa2, 0x73, 0x7, 0x62, 0xcc, 0x55, 0xf6,
    0x90, 0xc0, 0x79, 0x80, 0x62, 0x6, 0x6, 0x20,
    0xf, 0xb4, 0x34, 0x3, 0xf0, 0x83, 0x0, 0x7e,
    0x70, 0xf, 0xf3, 0x3, 0x0, 0x7e, 0xd0, 0xc0,
    0xf, 0xca, 0xc, 0x20, 0x1f, 0x12, 0x8e, 0x90,
    0x7, 0xd4, 0x66, 0xdc, 0xaa, 0x67, 0x0, 0x59,
    0x28, 0x4a, 0xa1, 0x60,

    /* U+0044 "D" */
    0x1f, 0xfe, 0xd9, 0x20, 0xe, 0x16, 0x62, 0x83,
    0x6b, 0x0, 0x62, 0x99, 0x56, 0xd8, 0xca, 0x0,
    0x7e, 0x4a, 0x8, 0x0, 0xfe, 0x42, 0x32, 0x0,
    0xfe, 0x40, 0x70, 0xf, 0xee, 0x2, 0x0, 0xfe,
    0xf0, 0x10, 0xf, 0xe1, 0x3, 0x0, 0xfe, 0x70,
    0x40, 0xf, 0xcc, 0x26, 0x20, 0x1f, 0x34, 0x87,
    0x80, 0x45, 0x32, 0xae, 0x90, 0xa3, 0x0, 0x85,
    0x98, 0x84, 0xfc, 0xa0, 0x0,

    /* U+0045 "E" */
    0x1f, 0xff, 0x94, 0x0, 0x2c, 0xde, 0x0, 0x14,
    0xcf, 0x18, 0x7, 0xff, 0x20, 0xa6, 0x78, 0x2,
    0x16, 0x6e, 0x0, 0x8f, 0xff, 0x80, 0x3f, 0xfb,
    0x65, 0x33, 0xc6, 0x0, 0x16, 0x6f, 0x0,

    /* U+0046 "F" */
    0x1f, 0xff, 0x94, 0x0, 0x2c, 0xde, 0x0, 0x14,
    0xcf, 0x18, 0x7, 0xff, 0x44, 0xa6, 0x78, 0x2,
    0x16, 0x6e, 0x0, 0x8f, 0xff, 0x80, 0x3f, 0xfc,
    0x40,

    /* U+0047 "G" */
    0x0, 0x8a, 0x77, 0xfd, 0xb6, 0xa0, 0x13, 0xeb,
    0x2, 0xa8, 0x52, 0x0, 0xd, 0x3, 0x9b, 0x54,
    0xcf, 0xf0, 0xc, 0x86, 0x18, 0x7, 0x10, 0x38,
    0x31, 0x0, 0x7e, 0xc0, 0xd0, 0xf, 0xe1, 0x6,
    0x0, 0x8e, 0x67, 0x1b, 0x80, 0x73, 0x37, 0xc0,
    0xc0, 0x12, 0xff, 0xa0, 0x1, 0xa1, 0x80, 0x1f,
    0xcc, 0xc, 0x20, 0x1f, 0x85, 0xc7, 0x8, 0x3,
    0xf4, 0x29, 0x6e, 0x55, 0x52, 0x1, 0xaa, 0x88,
    0x4a, 0xa4, 0x57, 0x40,

    /* U+0048 "H" */
    0x1f, 0xc0, 0xf, 0x5f, 0x88, 0x7, 0xff, 0x98,
    0xaa, 0xbc, 0xa0, 0x18, 0x55, 0x7c, 0x20, 0x18,
    0xff, 0xfc, 0x80, 0x1f, 0xff, 0xe0,

    /* U+0049 "I" */
    0x3f, 0xfe, 0x3d, 0x50, 0x7e, 0x2, 0x20, 0x60,
    0x80, 0x7f, 0xfa, 0xc8, 0x81, 0x82, 0x7a, 0xa0,
    0xfc,

    /* U+004A "J" */
    0x0, 0x8f, 0xe8, 0x3, 0xff, 0xfe, 0x1, 0xe7,
    0x3, 0x0, 0xb0, 0x3e, 0x6b, 0x1c, 0x98, 0x94,
    0x97, 0x0,

    /* U+004B "K" */
    0x1f, 0xc0, 0xc, 0x5d, 0xc1, 0x0, 0xfb, 0xc7,
    0x4, 0x3, 0xd4, 0x54, 0x40, 0x1e, 0x85, 0x85,
    0x0, 0xf2, 0xba, 0xb8, 0x7, 0x8a, 0x8e, 0x80,
    0x3e, 0xf0, 0x50, 0xf, 0x8c, 0x4d, 0x90, 0x3,
    0xc5, 0x9c, 0x12, 0x1, 0xe1, 0x2, 0x82, 0x90,
    0xf, 0xce, 0x6c, 0x80, 0x1f, 0xb8, 0x24, 0x3,
    0xf1, 0x41, 0x48, 0x7, 0xe7, 0x36, 0x40,

    /* U+004C "L" */
    0x1f, 0xc0, 0xf, 0xff, 0xf8, 0x7, 0xff, 0x50,
    0xaa, 0xb8, 0xc0, 0x2, 0xab, 0xcc,

    /* U+004D "M" */
    0x1f, 0xf6, 0x80, 0x7c, 0xdf, 0xe7, 0x0, 0x88,
    0x80, 0x1e, 0xa0, 0xe, 0x40, 0xa0, 0xe, 0x23,
    0x40, 0xc, 0x64, 0xa0, 0x1c, 0xa1, 0xa0, 0x18,
    0x54, 0x8c, 0x3, 0x52, 0x18, 0x7, 0x50, 0x50,
    0x4, 0x44, 0xe0, 0xe, 0x32, 0x37, 0x0, 0xa8,
    0x14, 0x3, 0xeb, 0x14, 0x0, 0x32, 0x80, 0x7e,
    0x60, 0xe0, 0x31, 0xe0, 0xf, 0xc2, 0x8a, 0x14,
    0x28, 0x1, 0xfd, 0xa0, 0xae, 0xe0, 0xf, 0xf3,
    0x85, 0x8d, 0x0, 0x7f, 0x85, 0x4, 0x8c, 0x3,
    0xfe, 0xe0, 0x50, 0xf, 0x0,

    /* U+004E "N" */
    0x1f, 0xf2, 0x80, 0x70, 0xfd, 0x0, 0x56, 0x1,
    0xfe, 0x21, 0x80, 0xf, 0xe5, 0x37, 0x20, 0xf,
    0xef, 0xe, 0x0, 0xfc, 0x26, 0xc6, 0xa0, 0x1f,
    0xd0, 0x36, 0x1, 0xf1, 0x80, 0xc0, 0xc8, 0x7,
    0xf3, 0x1b, 0x18, 0x80, 0x7e, 0xf0, 0xf0, 0xf,
    0xe3, 0x63, 0x60, 0xf, 0xe8, 0x18, 0x0, 0xfe,
    0x18, 0x10, 0xf, 0xf3, 0x18, 0x0,

    /* U+004F "O" */
    0x0, 0x9a, 0xfb, 0xfa, 0x90, 0x3, 0xb2, 0x51,
    0x57, 0x5c, 0x80, 0x54, 0x69, 0xd7, 0x57, 0xc6,
    0xcc, 0x2, 0x51, 0xb1, 0x0, 0x87, 0x42, 0x1,
    0x42, 0x40, 0x3c, 0x2a, 0x29, 0xa0, 0x60, 0x1f,
    0x60, 0x1b, 0x3, 0x0, 0x7c, 0x61, 0xc0, 0x1,
    0x0, 0xff, 0x30, 0x38, 0x7, 0xc4, 0x1d, 0xa0,
    0x60, 0x1f, 0x68, 0x1a, 0x84, 0x80, 0x78, 0x54,
    0x50, 0x94, 0x6c, 0x40, 0x21, 0xd0, 0x80, 0x5,
    0x1a, 0x75, 0xd5, 0xf1, 0xb3, 0x0, 0x2c, 0x94,
    0x55, 0xd7, 0x20, 0x0,

    /* U+0050 "P" */
    0x1f, 0xfd, 0xd8, 0xc0, 0x18, 0x59, 0x8a, 0x73,
    0x40, 0x11, 0x4c, 0xaf, 0x85, 0x4c, 0x3, 0xc3,
    0x20, 0x80, 0x1f, 0xfc, 0x5d, 0x3, 0x0, 0xe2,
    0x95, 0x24, 0x0, 0x1f, 0xfb, 0x58, 0xfc, 0x2,
    0x16, 0x78, 0xcc, 0x10, 0x4, 0x53, 0xe, 0x60,
    0x1f, 0xfd, 0xf0,

    /* U+0051 "Q" */
    0x0, 0x9a, 0xfb, 0xfa, 0x90, 0x3, 0xb2, 0x51,
    0x57, 0x5c, 0x80, 0x54, 0x69, 0xd7, 0x57, 0xc6,
    0xcc, 0x2, 0x51, 0xb1, 0x0, 0x87, 0x42, 0x1,
    0x42, 0x40, 0x3c, 0x2a, 0x29, 0xa0, 0x60, 0x1f,
    0x60, 0x1b, 0x3, 0x0, 0x7c, 0x61, 0xc0, 0x1,
    0x0, 0xfe, 0x16, 0x7, 0x0, 0xf8, 0x83, 0xf4,
    0xc, 0x3, 0xed, 0x3, 0x50, 0xa0, 0xf, 0xa,
    0x8a, 0x12, 0x95, 0x0, 0x61, 0xd0, 0x80, 0x5,
    0x1a, 0xf5, 0x4d, 0xf1, 0xbb, 0x0, 0x59, 0x2a,
    0x8c, 0x81, 0x90, 0x1, 0xcd, 0x7d, 0xec, 0x16,
    0x1, 0xfe, 0x81, 0x75, 0x0, 0xfe, 0x1d, 0xa,
    0x40, 0xf, 0xe3, 0xd6, 0x40,

    /* U+0052 "R" */
    0x1f, 0xfd, 0xd8, 0xe0, 0x1c, 0x2c, 0xc4, 0x38,
    0xb0, 0xc, 0x53, 0x2a, 0xf2, 0x44, 0x0, 0x7e,
    0xa0, 0x30, 0xf, 0xf0, 0x80, 0x7c, 0x34, 0x8,
    0x1, 0x14, 0xca, 0xb8, 0xa4, 0x80, 0x21, 0x66,
    0x28, 0xeb, 0x0, 0x63, 0xff, 0x20, 0xb0, 0x7,
    0xe9, 0x9, 0x0, 0xfc, 0x4c, 0x4e, 0x1, 0xfa,
    0x6, 0x4, 0x3, 0xe1, 0x90, 0xb0, 0xf, 0xce,
    0x4a, 0x80,

    /* U+0053 "S" */
    0x2, 0xad, 0xfe, 0xb7, 0x2, 0xd5, 0x15, 0x25,
    0x90, 0x80, 0xac, 0xac, 0xec, 0x6, 0x5, 0x0,
    0xc4, 0xc, 0x4, 0x1, 0xe9, 0xf, 0x40, 0xe,
    0x3a, 0x3b, 0xd6, 0x0, 0xcb, 0xd0, 0x13, 0xc6,
    0x1, 0x9f, 0x68, 0x74, 0x40, 0x39, 0x5c, 0x50,
    0x3, 0xdc, 0x6, 0x40, 0x1d, 0x40, 0xbb, 0xd5,
    0x35, 0xc6, 0xa6, 0xe4, 0x8c, 0x85, 0x34, 0x0,

    /* U+0054 "T" */
    0xcf, 0xff, 0xe2, 0xb6, 0x68, 0x41, 0x59, 0xa3,
    0x79, 0x99, 0x42, 0xe6, 0x61, 0x0, 0xff, 0xff,
    0x80, 0x7f, 0xf8, 0x80,

    /* U+0055 "U" */
    0x3f, 0xa0, 0xf, 0x57, 0x90, 0x7, 0xff, 0xfc,
    0x3, 0xff, 0x92, 0x20, 0x20, 0x1e, 0x10, 0x32,
    0x5, 0x0, 0xf2, 0x88, 0x81, 0x46, 0x40, 0x35,
    0xb, 0x0, 0x2c, 0x9b, 0xaa, 0xf9, 0x4e, 0x0,
    0x3, 0xae, 0x6a, 0x85, 0x18, 0x0,

    /* U+0056 "V" */
    0xdf, 0x10, 0xf, 0x5f, 0x95, 0x3, 0x80, 0x70,
    0xa1, 0x11, 0x43, 0x40, 0x39, 0xc1, 0x40, 0x88,
    0x82, 0x1, 0xb4, 0x28, 0x1, 0x40, 0xe0, 0x10,
    0xa1, 0x10, 0x0, 0xa1, 0xa0, 0x12, 0x5, 0x0,
    0x44, 0x68, 0x1, 0x70, 0x28, 0x6, 0xb0, 0x50,
    0x2, 0x19, 0x0, 0x66, 0xe, 0x5, 0xb, 0x0,
    0xe1, 0x34, 0xf, 0x6, 0x0, 0xf5, 0x82, 0x20,
    0xc4, 0x3, 0xcc, 0x1e, 0x34, 0x1, 0xf0, 0x9a,
    0x3, 0x80, 0x7e, 0xa0, 0x41, 0x0, 0xc0,

    /* U+0057 "W" */
    0xaf, 0x40, 0xc, 0x7f, 0xe0, 0xe, 0x9f, 0x5c,
    0xc, 0x0, 0xc8, 0x0, 0x30, 0xc, 0x80, 0x88,
    0x4, 0x0, 0xd6, 0x61, 0x60, 0x18, 0x88, 0x24,
    0x43, 0x0, 0xc6, 0x86, 0x80, 0x12, 0x2, 0x0,
    0x10, 0x10, 0x0, 0x81, 0x88, 0x62, 0x0, 0xc0,
    0xc0, 0x6, 0x6, 0x0, 0x34, 0x17, 0x1, 0x0,
    0x6, 0x8, 0x0, 0x40, 0x40, 0x2, 0x18, 0xa0,
    0x60, 0x1, 0x8, 0x40, 0x2, 0x66, 0x1, 0x24,
    0x0, 0x22, 0x0, 0xc1, 0x40, 0x32, 0x2, 0x20,
    0x30, 0x1, 0x84, 0x45, 0xc, 0x0, 0xd6, 0x19,
    0x80, 0x40, 0x2, 0x82, 0x78, 0x20, 0x6, 0x30,
    0x35, 0x40, 0x8, 0x87, 0x14, 0xc0, 0x3c, 0x8a,
    0x78, 0x1, 0x91, 0xcd, 0x0, 0x3d, 0xa2, 0x8,
    0x1, 0xbc, 0x83, 0x0, 0x3c, 0x80, 0x26, 0x1,
    0x90, 0x0, 0x80, 0x10,

    /* U+0058 "X" */
    0x6f, 0x80, 0xe, 0x9f, 0x46, 0x37, 0x20, 0x8,
    0xd9, 0x50, 0x38, 0x24, 0x2, 0xf0, 0xb0, 0x1,
    0x3a, 0x28, 0x31, 0xc8, 0x80, 0x50, 0x36, 0x50,
    0x6c, 0x1, 0xd6, 0x38, 0x3e, 0x1, 0xe5, 0x31,
    0x53, 0x0, 0xf0, 0x98, 0x20, 0x80, 0x7a, 0xc2,
    0x86, 0x0, 0x39, 0x16, 0x15, 0x4c, 0x60, 0x1a,
    0x49, 0xc2, 0x3, 0xc0, 0x27, 0x28, 0x0, 0x13,
    0x9b, 0x1, 0x42, 0x28, 0x5, 0x3, 0x23, 0x21,
    0x20, 0x1d, 0x1, 0x60,

    /* U+0059 "Y" */
    0xbf, 0x30, 0xe, 0xaf, 0x48, 0x9, 0x0, 0xc2,
    0xa6, 0x86, 0x8a, 0x40, 0x14, 0x4, 0x0, 0x20,
    0x2c, 0x0, 0x2c, 0x68, 0x0, 0x34, 0x61, 0x6,
    0xf, 0x0, 0xd0, 0xc, 0x12, 0x86, 0x1, 0x8d,
    0x25, 0x86, 0x0, 0x3d, 0x3, 0x28, 0x60, 0x1e,
    0x34, 0xf, 0x0, 0xfc, 0x20, 0xe0, 0x1f, 0xfe,
    0x40,

    /* U+005A "Z" */
    0xf, 0xff, 0xd8, 0xa, 0xbe, 0x30, 0x60, 0xaa,
    0xf0, 0x2, 0x0, 0x3c, 0xe7, 0x4, 0x1, 0xc3,
    0x4, 0xe0, 0x1e, 0xa0, 0xe0, 0xf, 0x2a, 0x31,
    0x80, 0x70, 0xd8, 0xc8, 0x7, 0xa0, 0x68, 0x3,
    0xc8, 0xca, 0x80, 0x1e, 0x91, 0xb0, 0xf, 0x41,
    0x40, 0x80, 0x70, 0xb8, 0x65, 0x57, 0x49, 0x0,
    0x15, 0x7c, 0xc0,

    /* U+005B "[" */
    0x6f, 0xfa, 0x40, 0xb, 0x1a, 0x0, 0xc7, 0x40,
    0xf, 0xff, 0x90, 0x90, 0x80, 0x23, 0x61, 0x2a,
    0xab,

    /* U+005C "\\" */
    0x9f, 0x20, 0xe, 0xa0, 0xa0, 0xe, 0x32, 0x60,
    0xf, 0x50, 0xa0, 0x7, 0x30, 0x70, 0x7, 0xa,
    0x28, 0x80, 0x77, 0x3, 0x80, 0x72, 0x8d, 0x80,
    0x79, 0x88, 0xc0, 0x3a, 0x82, 0x80, 0x38, 0x8d,
    0xc0, 0x3d, 0x42, 0xa0, 0x1c, 0xe1, 0xc0, 0x1c,
    0x2a, 0x82,

    /* U+005D "]" */
    0x8f, 0xf9, 0xee, 0x14, 0x0, 0x6f, 0xe0, 0x1f,
    0xff, 0x21, 0x23, 0x0, 0x4e, 0xc8, 0x2, 0xab,
    0x28,

    /* U+005E "^" */
    0x0, 0xcb, 0xe4, 0x1, 0xfa, 0x2, 0xc0, 0x3e,
    0x52, 0x96, 0x10, 0xf, 0x43, 0x30, 0xa0, 0x3,
    0x94, 0xac, 0x2d, 0x84, 0x3, 0x42, 0x90, 0x30,
    0xc8, 0x4, 0xa5, 0x0, 0x14, 0xb8, 0x80, 0x21,
    0x48, 0x2, 0x60, 0x90, 0x52, 0x90, 0xc, 0x2e,
    0xe1,

    /* U+005F "_" */
    0x1, 0x1f, 0xc0, 0xe, 0xef, 0xc8, 0x17, 0x7f,
    0x94,

    /* U+0060 "`" */
    0xd, 0xf3, 0x0, 0x78, 0xf8, 0x0, 0xb0, 0x9c,

    /* U+0061 "a" */
    0x0, 0x36, 0x7f, 0xb6, 0x0, 0x21, 0x87, 0x67,
    0x7, 0x70, 0x0, 0x7a, 0xe6, 0x34, 0x64, 0x3,
    0xf2, 0x88, 0x4, 0xb9, 0xff, 0x20, 0x4, 0xf4,
    0x33, 0x98, 0x30, 0xa, 0x43, 0x18, 0xcc, 0x1,
    0x84, 0xc4, 0x2, 0x20, 0x8, 0x48, 0x2, 0x61,
    0x0, 0x9c, 0x71, 0xea, 0x50, 0x2, 0x96, 0x28,
    0x6c, 0xe0, 0x0,

    /* U+0062 "b" */
    0x4f, 0x70, 0xf, 0xfe, 0xe3, 0x6f, 0xeb, 0x80,
    0x6b, 0x84, 0x70, 0x88, 0x0, 0x47, 0x93, 0x1a,
    0x4e, 0x20, 0x4, 0x20, 0xa, 0x81, 0xc0, 0x6,
    0x1, 0x8c, 0x38, 0x1, 0xe0, 0x19, 0xc0, 0x40,
    0x1e, 0x1, 0x98, 0x4, 0x0, 0x60, 0x18, 0x83,
    0x80, 0x8, 0x40, 0x15, 0x3, 0x80, 0xf, 0x66,
    0x34, 0x9c, 0x40, 0x1b, 0x28, 0xe1, 0x10, 0x0,

    /* U+0063 "c" */
    0x0, 0x3e, 0xff, 0x62, 0x5, 0x41, 0xaa, 0x10,
    0x22, 0xa7, 0x55, 0x39, 0x38, 0x20, 0x3, 0x9c,
    0xc, 0x3, 0x8c, 0x3, 0xe3, 0x0, 0xf9, 0xc0,
    0xc0, 0x3b, 0xc2, 0x0, 0x39, 0x51, 0x1b, 0x35,
    0xac, 0x17, 0x0, 0xca, 0x2a,

    /* U+0064 "d" */
    0x0, 0xfb, 0x3c, 0x3, 0xff, 0xa8, 0x33, 0xdf,
    0x66, 0xe0, 0x16, 0xb2, 0xb8, 0xe3, 0x0, 0x14,
    0xd6, 0xe2, 0xa0, 0x80, 0x1e, 0x12, 0x1, 0x38,
    0x4, 0xe0, 0x60, 0x18, 0x80, 0x6, 0x1, 0xe1,
    0x0, 0x18, 0x7, 0x84, 0x0, 0xe0, 0x40, 0x18,
    0x80, 0x18, 0x16, 0x1, 0x30, 0x4, 0xc6, 0xd7,
    0x15, 0x24, 0x1, 0x6b, 0x2b, 0xa5, 0x28, 0x0,

    /* U+0065 "e" */
    0x0, 0x3e, 0xff, 0x40, 0x5, 0x50, 0xce, 0xaf,
    0x80, 0x8b, 0x17, 0x16, 0xc6, 0xbc, 0x8, 0x45,
    0x60, 0x63, 0x86, 0x6e, 0xd4, 0x4, 0x0, 0xaa,
    0xf4, 0x0, 0x15, 0x7c, 0x6e, 0x8, 0x1, 0xee,
    0x8, 0x10, 0x8, 0x44, 0x8c, 0x7f, 0x53, 0x7c,
    0x41, 0x32, 0x25, 0x66, 0x88,

    /* U+0066 "f" */
    0x0, 0xa7, 0xbf, 0x48, 0x0, 0xec, 0xb0, 0x84,
    0x0, 0xb0, 0xa7, 0x90, 0x8, 0x40, 0x40, 0x25,
    0xc2, 0xf, 0xf2, 0x83, 0x48, 0x85, 0x51, 0x0,
    0xd4, 0xc1, 0x54, 0x20, 0x1f, 0xff, 0x50,

    /* U+0067 "g" */
    0x0, 0x1d, 0xff, 0xf8, 0xb, 0x1a, 0x64, 0x20,
    0xd4, 0x16, 0x1e, 0xcc, 0xa0, 0xe5, 0x2, 0x2,
    0x0, 0x28, 0x68, 0x7, 0xc6, 0x4, 0x0, 0xe0,
    0xa1, 0x14, 0x85, 0x80, 0x16, 0x17, 0xb8, 0xb4,
    0x60, 0x16, 0x9e, 0x6f, 0x28, 0x4, 0x4b, 0x46,
    0x40, 0x1c, 0x41, 0x15, 0x49, 0x82, 0x0, 0x12,
    0xa, 0xa9, 0x9f, 0x4c, 0xb4, 0x7b, 0xfe, 0xb0,
    0x8a, 0x8, 0x10, 0x9, 0x5, 0xc0, 0x2, 0x1,
    0x90, 0x56, 0xc3, 0x5d, 0x9e, 0xac, 0x6c, 0xf1,
    0x66, 0x50, 0xee, 0xf2,

    /* U+0068 "h" */
    0x4f, 0x70, 0xf, 0xfe, 0xe2, 0xef, 0xec, 0x0,
    0x6b, 0xa4, 0x70, 0x7a, 0x0, 0x8f, 0x26, 0x34,
    0x54, 0x2, 0x43, 0x0, 0x90, 0x8, 0x0, 0x60,
    0x18, 0xc0, 0x37, 0x80, 0x7f, 0xfb, 0x40,

    /* U+0069 "i" */
    0x3f, 0x66, 0x7, 0x2e, 0x40, 0x18, 0x27, 0xb8,
    0x7, 0xff, 0x48,

    /* U+006A "j" */
    0x0, 0x1f, 0xb0, 0x1, 0x83, 0x80, 0xb, 0x90,
    0x1, 0x18, 0x4, 0x9e, 0xe0, 0x1f, 0xff, 0x22,
    0x1, 0x68, 0x80, 0x3f, 0xb9, 0xd8, 0x80,

    /* U+006B "k" */
    0x4f, 0x70, 0xf, 0xfe, 0xde, 0xf9, 0x80, 0x75,
    0x15, 0x18, 0x6, 0x75, 0x75, 0x0, 0x85, 0x21,
    0x20, 0x3, 0xd, 0xd, 0x80, 0x74, 0x8, 0x88,
    0x3, 0x8f, 0x3, 0x80, 0x3a, 0xce, 0xe, 0x0,
    0x3c, 0xe6, 0xe6, 0x1, 0xef, 0xe, 0x0, 0xf1,
    0xb9, 0x40,

    /* U+006C "l" */
    0x4f, 0x70, 0xf, 0xfe, 0xf0,

    /* U+006D "m" */
    0x4f, 0x37, 0xdf, 0xe8, 0x4, 0xcf, 0xea, 0x10,
    0xb, 0xaa, 0x28, 0x9e, 0xec, 0x94, 0xcb, 0xa0,
    0x11, 0x62, 0xab, 0x81, 0x26, 0x16, 0x10, 0xc8,
    0x0, 0xa2, 0x0, 0x21, 0x6, 0x0, 0xb0, 0x18,
    0x0, 0x40, 0x1f, 0xfc, 0x1, 0x0, 0x78, 0x7,
    0x8, 0x7, 0xff, 0xfc, 0x3, 0xff, 0x80,

    /* U+006E "n" */
    0x4f, 0x37, 0xdf, 0xd8, 0x0, 0xdd, 0x57, 0x4e,
    0xea, 0x0, 0x8b, 0x19, 0x68, 0x94, 0x2, 0x51,
    0x0, 0x9c, 0x8, 0x0, 0x40, 0x18, 0xc0, 0x37,
    0x80, 0x7f, 0xfb, 0x40,

    /* U+006F "o" */
    0x0, 0x3e, 0xff, 0x51, 0x0, 0x55, 0x2, 0xe8,
    0xba, 0x60, 0x8a, 0xac, 0x8a, 0xd0, 0xf0, 0xe0,
    0x90, 0x8, 0x94, 0xc9, 0xc0, 0xc0, 0x36, 0x83,
    0x80, 0x7c, 0x20, 0x60, 0x1f, 0x8, 0x1a, 0x1,
    0x80, 0x6d, 0x7, 0xd0, 0x90, 0x8, 0x94, 0x88,
    0x8c, 0xb9, 0x13, 0x81, 0xc0, 0x9, 0x90, 0xbb,
    0x93, 0x4c, 0x0,

    /* U+0070 "p" */
    0x4f, 0x37, 0xdf, 0xd7, 0x0, 0xdd, 0x57, 0x4f,
    0x10, 0x0, 0x8b, 0x59, 0x68, 0xdc, 0x40, 0xa,
    0x1, 0xa8, 0x1c, 0x0, 0x40, 0x18, 0x83, 0x80,
    0x1e, 0x1, 0x9c, 0x4, 0x1, 0xc0, 0x19, 0x80,
    0x40, 0x4, 0x1, 0xb4, 0x38, 0x0, 0x86, 0x1,
    0x30, 0x38, 0x0, 0xf2, 0x63, 0x45, 0xc4, 0x1,
    0x72, 0x8e, 0x11, 0x0, 0xc, 0xdb, 0xfa, 0xe0,
    0x1f, 0xfd, 0xe0,

    /* U+0071 "q" */
    0x1, 0x9e, 0xfb, 0x38, 0xf0, 0x6, 0xb2, 0xb8,
    0xe2, 0x0, 0x14, 0xd6, 0xe2, 0xa0, 0xc0, 0x1e,
    0x12, 0x1, 0x38, 0x4, 0xe0, 0x60, 0x18, 0x80,
    0x6, 0x1, 0xe1, 0x0, 0x18, 0x7, 0x84, 0x0,
    0xe0, 0x40, 0x18, 0x80, 0x18, 0x16, 0x1, 0x30,
    0x4, 0xc6, 0xd7, 0x15, 0x24, 0x1, 0x6b, 0x2b,
    0xb6, 0x30, 0x4, 0x33, 0xdf, 0x86, 0x1, 0xfe,
    0x70, 0xf, 0xfe, 0xa0,

    /* U+0072 "r" */
    0x4f, 0x33, 0x67, 0xb8, 0x1, 0x30, 0x14, 0xc0,
    0x11, 0x39, 0x48, 0x0, 0x36, 0x0, 0xe5, 0x0,
    0xf7, 0x0, 0x7f, 0xf6, 0xc0,

    /* U+0073 "s" */
    0x0, 0x3e, 0xff, 0x5b, 0x0, 0x26, 0x19, 0xdc,
    0xd8, 0x0, 0x72, 0xb8, 0x9d, 0xa0, 0x1, 0x98,
    0x40, 0x3d, 0x3, 0xd0, 0x20, 0x19, 0x71, 0x1f,
    0xa4, 0x3, 0x1d, 0xe2, 0x35, 0x0, 0x71, 0xd9,
    0xa8, 0x0, 0x40, 0x3e, 0x2e, 0xb8, 0x85, 0x9b,
    0x1, 0x3b, 0x3b, 0x9a, 0x24, 0x0,

    /* U+0074 "t" */
    0x0, 0x1a, 0x80, 0x74, 0x78, 0x6, 0x14, 0x0,
    0xcd, 0xc0, 0xbf, 0xe5, 0x54, 0x1, 0xd5, 0x10,
    0xd4, 0x19, 0x54, 0x20, 0x1f, 0xfd, 0x83, 0x6,
    0x0, 0xc2, 0x66, 0x97, 0x30, 0x7, 0x1b, 0x4b,
    0x80,

    /* U+0075 "u" */
    0x6f, 0x60, 0xd, 0x7e, 0x20, 0x1f, 0xfe, 0xd7,
    0x0, 0x18, 0x7, 0x88, 0x0, 0xc1, 0xa0, 0x13,
    0x8, 0x0, 0xc9, 0x2e, 0x2a, 0x4c, 0x2, 0xc5,
    0x53, 0xb6, 0x58, 0x0,

    /* U+0076 "v" */
    0xdf, 0x0, 0xe6, 0xf6, 0x50, 0x50, 0xd, 0xa0,
    0xf4, 0x1e, 0x1, 0xa, 0x20, 0x48, 0x88, 0x1,
    0x20, 0x68, 0x1, 0x45, 0x0, 0x1c, 0xe, 0x0,
    0xa0, 0xd0, 0x2, 0x20, 0x40, 0x4, 0x47, 0x5,
    0xd, 0x0, 0xca, 0x25, 0x80, 0xe0, 0x1a, 0x81,
    0x50, 0xc4, 0x3, 0x11, 0x2c, 0xa8, 0x3, 0xca,
    0x60, 0xe0, 0x10,

    /* U+0077 "w" */
    0xaf, 0x20, 0xa, 0x7e, 0x40, 0x23, 0xf9, 0xc0,
    0x40, 0x9, 0xc1, 0x0, 0x24, 0xc, 0x40, 0xf0,
    0x1, 0xb, 0x10, 0x80, 0x34, 0x10, 0x85, 0x0,
    0xa, 0x16, 0xe, 0x0, 0x42, 0x10, 0x42, 0x0,
    0x61, 0x90, 0xe0, 0x10, 0xa0, 0x3, 0x1, 0x1,
    0x10, 0xe, 0x80, 0xe1, 0x80, 0x4, 0x3, 0x40,
    0xb0, 0xc1, 0x3c, 0x4, 0x0, 0x10, 0xee, 0x1,
    0x82, 0x2, 0xa8, 0x84, 0x2, 0x47, 0x34, 0x0,
    0x9, 0x61, 0x20, 0x6, 0xd2, 0x4d, 0x0, 0x95,
    0x7, 0x0, 0x32, 0x0, 0x10, 0x2, 0xc1, 0x4,
    0x0, 0x0,

    /* U+0078 "x" */
    0x2f, 0xd0, 0xd, 0xbe, 0x44, 0x72, 0x70, 0x3,
    0x94, 0x10, 0x41, 0x40, 0x8a, 0x9, 0xc0, 0x2e,
    0xb, 0xb0, 0x70, 0x6, 0x36, 0x55, 0x39, 0x80,
    0x75, 0x0, 0x28, 0x3, 0xd0, 0x0, 0x90, 0xe,
    0x64, 0x88, 0x23, 0x0, 0x43, 0x24, 0xee, 0x28,
    0x10, 0x5, 0x4, 0x80, 0x24, 0x6c, 0x15, 0x15,
    0x0, 0x8, 0xab, 0x0,

    /* U+0079 "y" */
    0xbf, 0x10, 0xc, 0xbf, 0x1c, 0xc, 0x1, 0xbc,
    0x29, 0x42, 0xc0, 0x32, 0x11, 0x1, 0x4c, 0x80,
    0x8, 0x34, 0x0, 0xe0, 0x50, 0x6, 0x82, 0x80,
    0x10, 0x6c, 0x0, 0xe6, 0x40, 0x13, 0x19, 0x18,
    0xd8, 0x6, 0xa0, 0x5b, 0x5, 0x0, 0xc4, 0x4c,
    0x43, 0x20, 0xe, 0xa5, 0x3b, 0x0, 0xf3, 0x8,
    0x30, 0x7, 0x84, 0xc, 0x40, 0x3c, 0x81, 0x40,
    0x1f, 0x78, 0x38, 0x6, 0x68, 0xb4, 0x81, 0x0,
    0xd8, 0xed, 0xe, 0x1, 0xc0,

    /* U+007A "z" */
    0xe, 0xff, 0xed, 0x0, 0x55, 0x68, 0x6, 0x0,
    0x22, 0xad, 0x81, 0x0, 0x1c, 0x88, 0x73, 0x0,
    0xea, 0x18, 0x0, 0xe8, 0x1a, 0x0, 0xe2, 0x75,
    0x40, 0xe, 0xe0, 0xb0, 0xe, 0x63, 0x81, 0x0,
    0xc3, 0x2, 0x4a, 0xb8, 0x8, 0x45, 0x55, 0xc0,

    /* U+007B "{" */
    0x0, 0xd1, 0xb0, 0x1, 0x43, 0xb6, 0x0, 0x4a,
    0x16, 0x80, 0x11, 0x88, 0x7, 0xff, 0x1c, 0x4c,
    0x2, 0x18, 0x5, 0x0, 0x37, 0x34, 0xc0, 0x1,
    0x58, 0x20, 0xc0, 0x7, 0x38, 0x3e, 0x1, 0x88,
    0x48, 0x3, 0xff, 0x9c, 0xa2, 0xc2, 0x1, 0x49,
    0x4c, 0x0, 0x45, 0xb9, 0x60,

    /* U+007C "|" */
    0x3f, 0x30, 0xf, 0xff, 0x68,

    /* U+007D "}" */
    0x7d, 0x80, 0xc, 0x8c, 0xf2, 0x1, 0x1d, 0x8b,
    0x0, 0x71, 0x0, 0x7f, 0xf3, 0xec, 0x24, 0x40,
    0x27, 0xa4, 0xe7, 0x0, 0x14, 0x12, 0x98, 0x2,
    0xb, 0x29, 0x0, 0xc, 0x6, 0x1, 0xff, 0xc6,
    0x10, 0xc, 0x2a, 0x46, 0x1, 0x4d, 0xf, 0x80,
    0x55, 0x9c, 0x60, 0x10,

    /* U+007E "~" */
    0x0, 0x8, 0x7, 0xd1, 0xfd, 0xf6, 0xc4, 0x98,
    0xd, 0x14, 0xeb, 0x3b, 0x6e, 0x1e, 0xeb, 0x1d,
    0x97, 0xb6, 0x0,

    /* U+25B2 "▲" */
    0x0, 0xff, 0xe1, 0x2b, 0x0, 0x7e, 0x88, 0x0,
    0x7c, 0xc4, 0x2c, 0x1, 0xe8, 0x0, 0x40, 0x7,
    0x38, 0x80, 0x5, 0xc0, 0x21, 0x90, 0xd, 0x2,
    0x0, 0x91, 0x0, 0xe9, 0x0, 0x19, 0xfc, 0x80,

    /* U+25BC "▼" */
    0xb, 0xcc, 0xf8, 0x0, 0x67, 0xf2, 0x0, 0x24,
    0x40, 0x3a, 0x40, 0x3, 0x20, 0x1a, 0x4, 0x2,
    0x71, 0x0, 0xb, 0x80, 0x74, 0x0, 0x20, 0x3,
    0xcc, 0x42, 0xc0, 0x1f, 0x44, 0x0, 0x3f, 0x2b,
    0x0, 0x60,

    /* U+2605 "★" */
    0x0, 0xfc, 0x44, 0x0, 0xff, 0xe2, 0x55, 0x0,
    0x3f, 0xf8, 0x8a, 0xa0, 0xf, 0xfe, 0x19, 0x91,
    0xc, 0x3, 0xff, 0x85, 0x60, 0xb, 0x0, 0xfc,
    0x23, 0xe6, 0x0, 0x30, 0x8f, 0x80, 0x13, 0xdd,
    0xc2, 0x0, 0x1e, 0xee, 0x90, 0x4, 0x58, 0x80,
    0x7f, 0x86, 0xe0, 0x2, 0x4f, 0x40, 0xf, 0xc9,
    0xe8, 0x1, 0xc3, 0x6e, 0x1, 0xe6, 0xb1, 0x0,
    0xfc, 0x20, 0x1e, 0x30, 0xf, 0xf3, 0x80, 0x79,
    0x40, 0x3f, 0x8c, 0x40, 0x13, 0x20, 0x9, 0x0,
    0x3f, 0x50, 0x1f, 0x33, 0x38, 0xc3, 0x40, 0x3f,
    0x24, 0x60, 0x80, 0x7, 0x21, 0xc0, 0x3e, 0x1f,
    0x70, 0xf, 0x3e, 0x8, 0x4,

    /* U+4E00 "一" */
    0x8f, 0xff, 0xfe, 0x20, 0xe3, 0xbf, 0xff, 0x10,
    0x40,

    /* U+4E0A "上" */
    0x0, 0xfa, 0x3c, 0x40, 0x3f, 0xff, 0xe0, 0x1f,
    0xfc, 0x28, 0x8f, 0x94, 0x3, 0xfc, 0xce, 0xfe,
    0xf0, 0xf, 0xf6, 0xff, 0xfa, 0x80, 0x3f, 0xc6,
    0x1, 0xff, 0xff, 0x0, 0xff, 0xee, 0x94, 0xcf,
    0x90, 0x2e, 0x67, 0xe7, 0x16, 0x6f, 0x18, 0x2b,
    0x37, 0xd6,

    /* U+4E2D "中" */
    0x0, 0xfb, 0xe4, 0x3, 0xff, 0x96, 0x46, 0x7e,
    0x3, 0x3f, 0x8b, 0x33, 0xe0, 0x5c, 0xcf, 0x40,
    0x25, 0xdf, 0x2, 0x5d, 0xf0, 0x4, 0x28, 0x9c,
    0x4, 0x89, 0xc2, 0x1, 0xff, 0xe6, 0x65, 0x5e,
    0x2, 0x55, 0xe1, 0x0, 0x1d, 0x57, 0x2, 0x55,
    0x70, 0x4, 0x9b, 0xbc, 0xb, 0xbb, 0xc2, 0xd,
    0xc4, 0x5c, 0x6, 0x45, 0xd7, 0xd0, 0xa0, 0x1f,
    0xfc, 0x5, 0x40, 0xf, 0xff, 0xa0,

    /* U+4E3B "主" */
    0x0, 0xff, 0xe6, 0xe6, 0x0, 0x3f, 0xf8, 0x8c,
    0x66, 0x0, 0xff, 0xe1, 0xf0, 0x50, 0x7, 0xe5,
    0xff, 0xf5, 0x83, 0x7f, 0xfc, 0x4c, 0xef, 0xf0,
    0x13, 0xbf, 0xc6, 0x68, 0x8f, 0x81, 0x22, 0x3e,
    0x10, 0xf, 0xfe, 0xc8, 0x99, 0xf8, 0xc, 0xfe,
    0x0, 0x9b, 0x33, 0xc0, 0xb9, 0x9e, 0x20, 0x2,
    0xdd, 0xf8, 0x12, 0xef, 0xc4, 0x0, 0x24, 0x4f,
    0x1, 0x22, 0x78, 0x3, 0xff, 0xd8, 0xac, 0xdf,
    0x2, 0xb3, 0x7c, 0x97, 0x33, 0xf0, 0x1c, 0xcf,
    0xdf, 0xee, 0xef, 0xfe, 0x25, 0x80,

    /* U+4E66 "书" */
    0x0, 0xfb, 0xe0, 0x2, 0x19, 0x10, 0xf, 0xfe,
    0x1a, 0xb7, 0x28, 0x7, 0xff, 0x9, 0x34, 0xea,
    0x40, 0x27, 0x88, 0xc0, 0x91, 0x1a, 0xb1, 0x0,
    0x35, 0x3b, 0xe0, 0x37, 0x7e, 0xb, 0x90, 0xb,
    0x7f, 0xf0, 0x3f, 0xfc, 0xa2, 0x1, 0xff, 0xc4,
    0x75, 0x0, 0xff, 0xe1, 0x89, 0x60, 0x6, 0x11,
    0xf1, 0x0, 0x8c, 0xc0, 0x42, 0x30, 0x47, 0x77,
    0x68, 0x37, 0x72, 0x2, 0xbb, 0xa0, 0xa9, 0x9f,
    0x2, 0x4c, 0xf8, 0xc0, 0x6, 0xcd, 0xe0, 0x36,
    0x6f, 0x38, 0x80, 0x7f, 0xf1, 0x18, 0xc0, 0x3f,
    0xf8, 0x86, 0x20, 0x1f, 0xfc, 0x12, 0x11, 0x94,
    0x3, 0xff, 0x80, 0x3b, 0xdc, 0xd, 0x0, 0xff,
    0xe0, 0xd, 0x43, 0xda, 0x0, 0x7f, 0xf0, 0x55,
    0xe1, 0x0, 0x0,

    /* U+4EAE "亮" */
    0x0, 0xfc, 0x66, 0x0, 0xff, 0xe1, 0x8e, 0xe8,
    0x3, 0xf7, 0x7f, 0xfb, 0x84, 0x5f, 0xff, 0x6d,
    0xcc, 0xff, 0xf1, 0x21, 0x59, 0x86, 0x1, 0xff,
    0x33, 0x14, 0x2, 0xa9, 0x9f, 0xf8, 0x3, 0xe8,
    0xee, 0xfc, 0xe0, 0x1f, 0xa3, 0xbb, 0xf3, 0x80,
    0x7d, 0xdb, 0xbf, 0xf0, 0x6, 0xff, 0x76, 0xef,
    0xfd, 0xfc, 0x1, 0x24, 0x47, 0xff, 0x1, 0x4,
    0x2, 0x37, 0x73, 0x37, 0xce, 0xf6, 0x0, 0x6f,
    0x0, 0x7f, 0x77, 0xa8, 0x0, 0x46, 0x0, 0xf7,
    0x0, 0x8e, 0xab, 0x8, 0x4, 0xb8, 0x1, 0xe1,
    0x55, 0xe3, 0x0, 0xff, 0x18, 0x70, 0x7, 0xf3,
    0x20, 0x4, 0x3e, 0xa, 0x1, 0xfd, 0x72, 0x4b,
    0x5c, 0x6e, 0x40, 0x18, 0x52, 0x21, 0x44, 0x95,
    0x45, 0x4b, 0x80, 0xe, 0xa0, 0x77, 0x22, 0xc4,
    0x2f, 0xad, 0x0, 0x3c, 0xdd, 0xfe, 0xea, 0x10,

    /* U+4FE1 "信" */
    0x0, 0xff, 0xe0, 0x8, 0x7, 0xf9, 0x7d, 0x0,
    0x33, 0xf1, 0x80, 0x7f, 0x78, 0x20, 0x6, 0x50,
    0x90, 0xf, 0xc2, 0xac, 0xcf, 0xfd, 0xa0, 0xbf,
    0xfc, 0x1, 0x48, 0x52, 0xbb, 0xff, 0xf0, 0x0,
    0x2, 0xe0, 0x47, 0x11, 0xff, 0xc0, 0x0, 0x40,
    0x6, 0x6f, 0xff, 0xed, 0x0, 0x1b, 0x0, 0x65,
    0x88, 0xfe, 0xb0, 0x7, 0xb, 0x0, 0x46, 0xef,
    0xfc, 0xc0, 0x3, 0xae, 0x0, 0x9b, 0xff, 0xfb,
    0x40, 0x18, 0x80, 0x19, 0x62, 0x3f, 0xac, 0x0,
    0x40, 0x1c, 0x6e, 0xff, 0xcc, 0x1, 0xf9, 0x3f,
    0xff, 0xac, 0x3, 0xfc, 0xd1, 0x1e, 0x10, 0xf,
    0xfb, 0x5d, 0xfc, 0x60, 0x1f, 0xfd, 0x2e, 0x77,
    0xf1, 0x80, 0x7f, 0xcb, 0x33, 0xe1, 0x0, 0xfe,
    0x71, 0xbe, 0xef, 0x21, 0x0,

    /* U+5165 "入" */
    0x0, 0xff, 0xe6, 0x9e, 0xa8, 0x7, 0xff, 0x10,
    0x4a, 0xc4, 0x3, 0xff, 0x86, 0x4e, 0x32, 0x1,
    0xff, 0xc4, 0x81, 0x71, 0x0, 0xff, 0xe3, 0x48,
    0x7, 0xff, 0xd, 0x4, 0x18, 0x3, 0xff, 0x87,
    0xc0, 0xc2, 0xa0, 0x1f, 0xfc, 0x11, 0x54, 0x80,
    0xe0, 0xf, 0xfe, 0xc, 0x87, 0x8a, 0xa0, 0x80,
    0x7f, 0xc2, 0xe4, 0x81, 0xc1, 0x20, 0x1f, 0xf5,
    0x84, 0x0, 0x10, 0x98, 0x3, 0xfc, 0x8a, 0x6a,
    0x1, 0x58, 0xb8, 0x7, 0xe1, 0xa0, 0xe0, 0xc,
    0xc5, 0x4, 0x1, 0xe1, 0xc1, 0x92, 0x0, 0xe9,
    0xe, 0x0, 0xe1, 0xc2, 0x76, 0x0, 0xf2, 0x31,
    0xd8, 0x4, 0x78, 0x4d, 0x0, 0x1f, 0xa4, 0xd3,
    0x8, 0x3c, 0xa2, 0x40, 0x3f, 0xd8, 0x87, 0x81,
    0x16, 0xe0, 0x1f, 0xfc, 0xb, 0x9d, 0x0,

    /* U+5173 "关" */
    0x0, 0xff, 0xe0, 0x8, 0x7, 0xfa, 0xa4, 0x3,
    0xd9, 0xa0, 0x1f, 0xc4, 0xc8, 0x1, 0x8c, 0x9c,
    0x3, 0xfa, 0x7, 0x80, 0x37, 0x84, 0x0, 0x7c,
    0x89, 0x4f, 0x22, 0x4e, 0x68, 0xc8, 0x81, 0x0,
    0x8e, 0xee, 0x8b, 0xbd, 0x0, 0x97, 0x73, 0x80,
    0x47, 0x99, 0xe0, 0x5c, 0xcf, 0x38, 0x6, 0x33,
    0xf0, 0x11, 0x9f, 0x84, 0x3, 0xff, 0x94, 0x67,
    0xe4, 0x1, 0x33, 0xf8, 0x0, 0x59, 0x9e, 0xb0,
    0x6c, 0xcf, 0x88, 0xa, 0xef, 0xcc, 0x0, 0x5b,
    0xbf, 0x10, 0x1, 0x13, 0xc4, 0x6, 0x8a, 0x89,
    0xc0, 0x1f, 0x95, 0x11, 0xc3, 0x40, 0x1f, 0xfc,
    0x3, 0xa0, 0x92, 0x94, 0xc1, 0x0, 0xfe, 0x7c,
    0xa, 0x20, 0x68, 0x3f, 0x60, 0xe, 0x16, 0xd8,
    0x1b, 0x50, 0x9, 0xe4, 0x67, 0xa0, 0xc1, 0xfa,
    0x49, 0xbd, 0x0, 0x39, 0xb4, 0xc5, 0xfc, 0x19,
    0x23, 0xa4, 0x40, 0x3e, 0x2c, 0xc2, 0xf8, 0x0,

    /* U+51FA "出" */
    0x0, 0xfb, 0xa8, 0x3, 0xe1, 0xd5, 0x0, 0xff,
    0x46, 0x1, 0x91, 0x80, 0x7f, 0x88, 0x80, 0x1f,
    0xfe, 0x79, 0xff, 0xc2, 0xbf, 0xf9, 0x40, 0x6,
    0xef, 0xe0, 0x27, 0x7c, 0x40, 0x1, 0x88, 0xf0,
    0xbc, 0x46, 0xde, 0x4, 0x20, 0xf, 0xfe, 0x1,
    0x9a, 0xa0, 0x3, 0xff, 0x81, 0xfe, 0x0, 0xff,
    0xfa, 0xbc, 0x47, 0xb, 0xc4, 0x71, 0x0, 0x9,
    0xdf, 0x80, 0x9d, 0xf8, 0x43, 0xbf, 0xff, 0xf8,
    0x26, 0x0,

    /* U+51FB "击" */
    0x0, 0xfd, 0xd6, 0x1, 0xff, 0xcf, 0x14, 0x4f,
    0x3, 0xa2, 0x78, 0x40, 0xb, 0x77, 0xe1, 0x3b,
    0xbf, 0x38, 0x1, 0x33, 0x3c, 0x27, 0x99, 0xe7,
    0x0, 0x8c, 0xfc, 0xe, 0x67, 0xe1, 0x0, 0xff,
    0xe3, 0xbc, 0x47, 0xc2, 0xd1, 0x1f, 0x24, 0xbb,
    0xfc, 0x4, 0xef, 0xf6, 0x77, 0xff, 0xc2, 0x9f,
    0xff, 0x40, 0x1, 0xd4, 0x3, 0xfc, 0x90, 0x1,
    0xa7, 0xc0, 0x3f, 0xd8, 0xe0, 0x1f, 0xfe, 0xf5,
    0xff, 0xc2, 0x9f, 0xf9, 0xc0, 0x3a, 0x5d, 0xff,
    0xe3, 0x0, 0xe7, 0x88, 0xff, 0x90, 0x2,

    /* U+5206 "分" */
    0x0, 0xff, 0xe6, 0x15, 0x88, 0x5, 0x48, 0x1,
    0xff, 0x72, 0x80, 0x42, 0xb4, 0x20, 0x1f, 0xce,
    0x70, 0x20, 0x1, 0x91, 0xa0, 0xf, 0xc9, 0x8,
    0xc0, 0x19, 0x95, 0x20, 0x3, 0xc5, 0x43, 0x40,
    0x1e, 0xa2, 0x77, 0x0, 0x62, 0xc1, 0xa1, 0x0,
    0xfb, 0xc6, 0x20, 0x0, 0x3c, 0x1a, 0x40, 0xf,
    0xc5, 0xa0, 0xf4, 0x12, 0x32, 0xe, 0xff, 0xe6,
    0xc1, 0x0, 0x55, 0x1a, 0x62, 0x3f, 0xd2, 0x7f,
    0x60, 0x5, 0xc, 0xff, 0x38, 0x67, 0xfe, 0x0,
    0x84, 0x40, 0x1f, 0x18, 0x18, 0x7, 0xff, 0x11,
    0x8, 0x3, 0xce, 0x1, 0xfc, 0xc0, 0xa0, 0x18,
    0x40, 0x3f, 0xc3, 0x1, 0x40, 0x18, 0xc0, 0x40,
    0x3e, 0x1d, 0x17, 0x20, 0xc, 0x20, 0x60, 0x1e,
    0x3c, 0x34, 0x80, 0xe, 0x50, 0xe0, 0xc, 0x35,
    0x84, 0xf6, 0x1, 0x2d, 0xd4, 0x2, 0x0, 0x61,
    0x63, 0xc8, 0x0, 0xc2, 0xaa, 0x8, 0x30, 0xe,
    0xcc, 0x18, 0x7, 0x27, 0x7f, 0x38, 0x7, 0x0,

    /* U+5207 "切" */
    0x0, 0x3f, 0x0, 0x63, 0xff, 0xfc, 0xc0, 0x1f,
    0x8a, 0x18, 0x16, 0x20, 0xe0, 0x1f, 0xe1, 0x7a,
    0xf, 0x77, 0x40, 0x7, 0xc6, 0xf6, 0x1, 0xff,
    0xe, 0x8f, 0xe4, 0x38, 0x7, 0xc2, 0x0, 0xbe,
    0x50, 0x6a, 0xfc, 0x0, 0x38, 0x8, 0x6, 0x33,
    0x4b, 0xc, 0xa8, 0x6, 0x10, 0x70, 0xe, 0x86,
    0xe0, 0xf, 0xfe, 0x69, 0x0, 0x80, 0xc, 0x4,
    0x3, 0xfd, 0xe0, 0x40, 0x1f, 0xfc, 0x32, 0x10,
    0x8, 0x41, 0xc0, 0x3f, 0xce, 0x40, 0x13, 0x80,
    0x7e, 0x2a, 0x1, 0x24, 0x0, 0x84, 0x4, 0x3,
    0x15, 0x6a, 0xb, 0x5, 0x80, 0x46, 0x6, 0x1,
    0xe, 0xab, 0xf0, 0xc9, 0x18, 0x5, 0xc0, 0x20,
    0x4, 0x28, 0xe8, 0x7, 0x1b, 0x0, 0xc4, 0x40,
    0x8, 0xf5, 0xc4, 0xa, 0x9, 0x82, 0x26, 0x15,
    0x0, 0x3f, 0x87, 0x80, 0x1e, 0xee, 0x28, 0x0,
    0xfc, 0x5c, 0x60, 0x7, 0xef, 0xd1, 0x0,

    /* U+5236 "制" */
    0x0, 0x41, 0x1f, 0xa8, 0x7, 0xe1, 0xe7, 0x3,
    0x74, 0x60, 0x32, 0x28, 0x3, 0xc2, 0x0, 0x90,
    0x9a, 0x9, 0xdd, 0x84, 0x2b, 0x80, 0x31, 0xab,
    0x54, 0x3, 0x55, 0x42, 0x1, 0xf7, 0x8c, 0xaa,
    0x6, 0x2a, 0xc0, 0x1f, 0x9c, 0xe2, 0x12, 0x1d,
    0x11, 0x38, 0x7, 0xca, 0x4e, 0xe5, 0x4, 0x77,
    0xa8, 0x3, 0xee, 0xff, 0xb0, 0x2b, 0xfe, 0xd0,
    0xf, 0xfe, 0x69, 0x7f, 0xd8, 0x15, 0xff, 0x30,
    0x7, 0xf2, 0x43, 0x2, 0xc3, 0x80, 0x7f, 0xd8,
    0xf4, 0x1e, 0xf4, 0x1, 0xff, 0xdb, 0x8d, 0x0,
    0xff, 0x89, 0xc0, 0x22, 0x30, 0xf, 0xf1, 0xed,
    0x2, 0x0, 0x7c, 0x58, 0xc0, 0x11, 0xe5, 0xf1,
    0x2, 0xe4, 0xd8, 0x8, 0x18, 0x80, 0x63, 0x41,
    0x0, 0x38, 0x3a, 0x93, 0x80,

    /* U+5237 "刷" */
    0x0, 0x3f, 0xff, 0xea, 0x0, 0xcf, 0xe2, 0x1,
    0x9e, 0x23, 0x80, 0x3f, 0xf8, 0x32, 0xef, 0xc2,
    0x0, 0xea, 0x0, 0xff, 0xe7, 0xe6, 0xef, 0x8,
    0x7, 0xff, 0x0, 0xcf, 0xc2, 0x40, 0x1f, 0xf7,
    0xf7, 0x2a, 0x7b, 0x90, 0x1, 0xfd, 0xe0, 0x1b,
    0x60, 0x3, 0xff, 0x84, 0xdb, 0xa7, 0xd, 0xd5,
    0x80, 0x7f, 0x10, 0x79, 0x39, 0x83, 0x82, 0x80,
    0x7f, 0x31, 0x0, 0x29, 0x2, 0x90, 0x3, 0xfc,
    0x6e, 0x1, 0xff, 0xc4, 0x30, 0xd0, 0xf, 0xfe,
    0x25, 0x2, 0x80, 0x7f, 0x6c, 0x0, 0x73, 0x91,
    0x0, 0x39, 0x50, 0x0, 0x64, 0x1, 0x98, 0x68,
    0x3, 0xde, 0x52, 0x1, 0xbc, 0x0, 0xca, 0xc1,
    0x38, 0x1, 0x57, 0xb8, 0x4d, 0x42, 0x80, 0x85,
    0x8, 0x9, 0x80, 0x7d, 0x8e, 0xe2, 0x60,

    /* U+524D "前" */
    0x0, 0xe3, 0x0, 0xff, 0xe2, 0x46, 0x20, 0x7,
    0x57, 0x20, 0x7, 0xd2, 0x32, 0x1, 0x91, 0x49,
    0x0, 0x22, 0x44, 0x95, 0xad, 0x13, 0x48, 0x52,
    0x26, 0xab, 0xbc, 0xf3, 0x77, 0x88, 0x26, 0xee,
    0xa9, 0xdd, 0xff, 0xe2, 0x78, 0x98, 0x8f, 0x80,
    0x8b, 0xc8, 0xa2, 0xf, 0x99, 0xee, 0x0, 0x4e,
    0x0, 0x32, 0x80, 0x37, 0x76, 0x50, 0x8, 0xc4,
    0x3, 0xff, 0x9d, 0xdd, 0x94, 0x3, 0xff, 0x83,
    0x77, 0x90, 0x3, 0xff, 0x82, 0x89, 0x84, 0x3,
    0xff, 0x83, 0xbb, 0x94, 0x3, 0xff, 0x82, 0xab,
    0x88, 0x3, 0xff, 0x83, 0x11, 0x9c, 0x2, 0xeb,
    0x0, 0xff, 0xe2, 0x23, 0x0, 0x7f, 0xa6, 0x11,
    0xc0, 0x25, 0x98, 0x41, 0x0, 0xf1, 0x38, 0x78,
    0x4, 0xc8, 0xe3, 0x40, 0x7, 0xd0, 0x5, 0xff,
    0x20, 0x4, 0x7b, 0xfe, 0x60,

    /* U+52A1 "务" */
    0x0, 0xe2, 0x10, 0xf, 0xfe, 0x26, 0x68, 0x7,
    0xff, 0xe, 0x5, 0x9d, 0xff, 0x0, 0x78, 0xdc,
    0x16, 0x23, 0xf0, 0x7, 0x16, 0x82, 0x7f, 0xfa,
    0x41, 0x80, 0x3b, 0xc5, 0x53, 0x50, 0x2, 0x89,
    0x49, 0x0, 0xe8, 0xca, 0xa1, 0xdd, 0x9b, 0x5d,
    0xd6, 0x1, 0xe5, 0x30, 0x5a, 0x14, 0x92, 0x4a,
    0x0, 0xe1, 0x35, 0x8b, 0xfb, 0x14, 0x72, 0x4d,
    0xea, 0x74, 0x16, 0xca, 0x75, 0x54, 0xf5, 0xc6,
    0xe4, 0x2a, 0xa2, 0xe1, 0x9e, 0xb7, 0xa9, 0x91,
    0x80, 0x6, 0xf7, 0xfb, 0x50, 0x30, 0xa4, 0x1,
    0x4c, 0x0, 0x78, 0x94, 0x40, 0x7f, 0xf8, 0xc7,
    0xff, 0xdc, 0x1, 0xc, 0x46, 0x30, 0x68, 0x8e,
    0x20, 0xe, 0x77, 0x98, 0x86, 0x5d, 0xf8, 0x4c,
    0x3, 0xc3, 0xa3, 0x60, 0x1e, 0x21, 0x0, 0xe5,
    0xf3, 0x75, 0x0, 0xe1, 0x13, 0x0, 0x53, 0xd4,
    0x13, 0x0, 0x3, 0xa8, 0x86, 0x86, 0x80, 0x44,
    0x71, 0xec, 0x1, 0x13, 0xb3, 0x92, 0xb8, 0x5,
    0x7a, 0xe2, 0x1, 0x87, 0x7b, 0xfa, 0x80, 0x20,

    /* U+52A8 "动" */
    0x0, 0xff, 0xab, 0x80, 0x38, 0x66, 0x7c, 0x80,
    0x1f, 0xe3, 0x44, 0xf0, 0x80, 0x7f, 0x8b, 0x77,
    0xca, 0x11, 0x7, 0x18, 0x8c, 0x80, 0x1f, 0x85,
    0xdc, 0x40, 0xef, 0xb0, 0xcf, 0xf0, 0xff, 0x94,
    0x7f, 0xe0, 0xfe, 0xcc, 0xf8, 0x40, 0x2, 0x60,
    0x1d, 0xd7, 0x20, 0xb7, 0x70, 0x80, 0x1c, 0x40,
    0x38, 0xd0, 0x42, 0x51, 0x20, 0x8, 0x9c, 0x3,
    0xec, 0x13, 0x3, 0x0, 0xc2, 0x40, 0x18, 0x40,
    0x51, 0xc1, 0x71, 0x0, 0x6, 0x1e, 0x0, 0x10,
    0x9, 0x82, 0xc1, 0x47, 0x80, 0x8, 0x8, 0x1,
    0x8c, 0x25, 0x8, 0x0, 0xca, 0x21, 0x62, 0x40,
    0x3, 0x1, 0x71, 0x91, 0x59, 0x60, 0x42, 0x37,
    0x0, 0x98, 0x1, 0x21, 0x9d, 0x4e, 0x83, 0x90,
    0x16, 0x1, 0x10, 0x33, 0x11, 0xa7, 0x7a, 0xb7,
    0xd5, 0x44, 0x1, 0x70, 0x1c, 0x5c, 0x31, 0x0,
    0x6, 0x6, 0xc1, 0xaa, 0x58, 0x84, 0x3, 0xe7,
    0x1d, 0x10, 0x24, 0x60, 0xe0, 0xf, 0xcb, 0xc6,
    0x0, 0x4e, 0xfe, 0x30,

    /* U+53CC "双" */
    0xe, 0xff, 0xf4, 0xdf, 0xff, 0xdc, 0x0, 0x66,
    0xe5, 0xe, 0xd2, 0x16, 0x6c, 0x24, 0x0, 0x89,
    0x9d, 0xc0, 0x2c, 0x83, 0x33, 0x85, 0xc0, 0x7,
    0x20, 0x11, 0x2, 0x87, 0x81, 0x0, 0x4, 0xc,
    0x0, 0x8c, 0xe0, 0xe, 0x2, 0x4, 0x5, 0x0,
    0x28, 0x68, 0x1, 0xd2, 0x10, 0xc, 0x44, 0x4,
    0x38, 0x0, 0xc0, 0x40, 0xa, 0x86, 0x89, 0x54,
    0x1, 0x3a, 0x8, 0x29, 0x8, 0x4, 0x3a, 0x38,
    0x3a, 0x1, 0x68, 0x39, 0x11, 0x40, 0x38, 0xe4,
    0x41, 0x0, 0x24, 0x1b, 0xa0, 0xb0, 0xf, 0x30,
    0x0, 0x40, 0x34, 0x93, 0x99, 0x80, 0x3c, 0xa0,
    0xe, 0x0, 0xcc, 0x0, 0x90, 0xf, 0xa0, 0x60,
    0xa0, 0x2, 0x30, 0x1, 0x80, 0x79, 0x8a, 0x5c,
    0xdc, 0x80, 0x1c, 0x3, 0x24, 0x1, 0x8e, 0x49,
    0xc3, 0xc0, 0x42, 0x8d, 0xe8, 0x3c, 0x40, 0x5,
    0xa1, 0xc0, 0x3, 0xe2, 0xb5, 0x54, 0x23, 0x96,
    0x8, 0x60, 0xd1, 0x80, 0x43, 0xe8, 0xb4, 0x0,
    0x85, 0x2a, 0x6, 0xb5, 0x0, 0xe6, 0x9a, 0x0,
    0xd4, 0xdc, 0x10, 0x80, 0x1e, 0x86, 0x0, 0xf4,
    0xa8,

    /* U+53CD "反" */
    0x0, 0xff, 0xe1, 0x88, 0x7, 0xf8, 0x8d, 0x5e,
    0xb7, 0xf4, 0x3, 0x46, 0xf7, 0x3f, 0xdb, 0x95,
    0xe, 0xcf, 0x20, 0x18, 0x88, 0xed, 0x13, 0x59,
    0xdf, 0xb7, 0xa, 0x1, 0xc3, 0x30, 0xec, 0xa6,
    0x20, 0x1f, 0xfd, 0x12, 0x2f, 0xf8, 0x40, 0x38,
    0x77, 0x7f, 0xe8, 0x0, 0xf2, 0x84, 0xd5, 0x79,
    0x83, 0x0, 0x38, 0x60, 0x5, 0x57, 0xc6, 0x8,
    0x1, 0xe2, 0x58, 0x10, 0xc, 0x2a, 0xa1, 0x0,
    0xc2, 0x61, 0x61, 0x40, 0x1a, 0xc2, 0x0, 0x39,
    0x98, 0x3, 0x49, 0x20, 0x7, 0x58, 0x20, 0xc,
    0x24, 0x60, 0x5, 0x76, 0xa7, 0x84, 0x70, 0xe,
    0x70, 0xc0, 0xa, 0x20, 0xb0, 0x56, 0x1, 0xea,
    0x14, 0x0, 0x9a, 0x40, 0x4b, 0x10, 0x3, 0x21,
    0xb0, 0x13, 0xec, 0x85, 0xf4, 0x15, 0xeb, 0x88,
    0x78, 0xc9, 0xec, 0x4, 0x72, 0x3, 0xf4, 0x4,
    0x73, 0xcd, 0x89, 0xbd, 0xeb, 0x80, 0x73, 0xed,
    0xaa, 0x80,

    /* U+53D1 "发" */
    0x0, 0xff, 0xe7, 0xbf, 0x88, 0x2, 0x10, 0x3,
    0xe5, 0xe3, 0x0, 0x68, 0x88, 0x5, 0x2d, 0x80,
    0x3d, 0x26, 0x60, 0x2, 0x20, 0x0, 0x38, 0x92,
    0xa0, 0x18, 0xcd, 0x40, 0x2, 0x1d, 0x0, 0xd6,
    0xc8, 0x1, 0xa8, 0x3a, 0x21, 0x21, 0xb1, 0x1c,
    0x32, 0xe0, 0x17, 0x3, 0x3b, 0x90, 0x15, 0xdf,
    0xe9, 0x0, 0x9f, 0xfe, 0xd0, 0x6f, 0xff, 0xdc,
    0x1, 0xf2, 0x86, 0x80, 0x7f, 0xf1, 0x28, 0x32,
    0x23, 0xe7, 0x0, 0xf9, 0xc8, 0x1d, 0xff, 0x50,
    0x7, 0x86, 0x4, 0x13, 0xff, 0xa0, 0x2c, 0x3,
    0xda, 0x17, 0x49, 0x20, 0x11, 0xc1, 0xb0, 0x7,
    0x51, 0xaa, 0xcc, 0xc9, 0x4, 0xc1, 0xd0, 0xe,
    0x95, 0x3a, 0x0, 0x4b, 0xb6, 0xd8, 0xe8, 0x80,
    0x6a, 0x63, 0xc0, 0xd, 0x82, 0x40, 0x84, 0x1,
    0xc2, 0xd8, 0x0, 0x37, 0xdb, 0x39, 0x55, 0x74,
    0x98, 0x5, 0x72, 0xf, 0xd9, 0x1, 0x3a, 0xd5,
    0x88, 0xd9, 0xc6, 0x1, 0x90, 0xa3, 0x74, 0xc0,
    0x11, 0xdf, 0x41, 0x18,

    /* U+53D6 "取" */
    0xcf, 0xff, 0xd3, 0xff, 0xf2, 0x4, 0x98, 0x44,
    0x48, 0xf, 0xa6, 0x31, 0x12, 0x83, 0x82, 0xa8,
    0x1d, 0xed, 0xa, 0x4b, 0x7, 0x7b, 0x40, 0x80,
    0x3f, 0xe2, 0x10, 0xb, 0x80, 0x40, 0x33, 0xbd,
    0x80, 0x13, 0x1, 0x80, 0x8, 0xc0, 0x3a, 0x22,
    0x50, 0x8, 0xc1, 0x80, 0xa, 0xc0, 0x1d, 0xff,
    0x48, 0x6, 0x2d, 0x1, 0x16, 0x80, 0x7f, 0xf0,
    0x5d, 0x1, 0x1, 0x40, 0x39, 0xde, 0xc0, 0xd,
    0x86, 0x1e, 0x24, 0x1, 0xd1, 0x12, 0x80, 0x64,
    0x5, 0x47, 0x0, 0xf7, 0xfd, 0x20, 0x18, 0x89,
    0x63, 0x40, 0x1f, 0xfc, 0x3a, 0x12, 0x30, 0xf,
    0xc3, 0xc1, 0x66, 0x0, 0x20, 0x60, 0xc, 0xe8,
    0x1b, 0xfc, 0xe0, 0xca, 0x3, 0x60, 0x8c, 0x1,
    0x59, 0x11, 0x9e, 0x58, 0x35, 0x82, 0x86, 0xce,
    0x4c, 0x1, 0x9f, 0xb7, 0xd, 0xe0, 0x15, 0xa4,
    0xa7, 0x6, 0x90, 0x7, 0xfb, 0x12, 0x18, 0xa,
    0xc7, 0xc0, 0x3f, 0xd1, 0x6e, 0x1, 0x25, 0xd0,
    0x0,

    /* U+53E5 "句" */
    0x0, 0xc2, 0x1, 0xff, 0xc4, 0xbe, 0x10, 0xf,
    0xfe, 0x9, 0xab, 0x8, 0x7, 0xff, 0x7, 0x83,
    0xdd, 0xff, 0xcc, 0x0, 0xa2, 0x8, 0x8f, 0xfa,
    0x42, 0x55, 0xff, 0xff, 0xe4, 0x8, 0x65, 0x80,
    0xf, 0xfe, 0xf, 0x2d, 0x91, 0x7e, 0x0, 0xf3,
    0x53, 0x6e, 0xfe, 0x10, 0xc, 0x20, 0x1a, 0xae,
    0xf3, 0x0, 0x73, 0x80, 0x72, 0x27, 0x70, 0x7,
    0xff, 0x28, 0x4c, 0x3, 0x29, 0x9e, 0xe0, 0xe,
    0x31, 0x0, 0xd7, 0x99, 0x98, 0x3, 0x85, 0xc0,
    0x35, 0x5d, 0xe6, 0x0, 0xf0, 0x80, 0x4, 0x91,
    0x3a, 0xe8, 0x40, 0x2, 0x6, 0x0, 0x6d, 0x10,
    0xc, 0x4a, 0x1, 0x38, 0x78, 0x7, 0xf9, 0x6e,
    0x65, 0x0, 0xe0, 0x1f, 0xe7, 0x67, 0x60, 0xa1,

    /* U+53EF "可" */
    0xff, 0xff, 0xe3, 0xc, 0x47, 0xff, 0x5, 0x1,
    0xe2, 0x2, 0xef, 0xff, 0xc1, 0xc0, 0x97, 0x70,
    0x7, 0xff, 0x75, 0xa2, 0x3c, 0xa0, 0x1f, 0xf5,
    0x3b, 0xfb, 0x80, 0x3f, 0xf8, 0x7, 0xff, 0x88,
    0x3, 0xff, 0xd0, 0x45, 0x8c, 0x3, 0xff, 0x82,
    0x7b, 0xb8, 0x40, 0x3f, 0xf8, 0x25, 0x55, 0xd0,
    0x1, 0xff, 0x4c, 0x2a, 0xf1, 0x80, 0x7f, 0xca,
    0xa0, 0xf, 0xff, 0x2, 0x44, 0x24, 0x4, 0x3,
    0xff, 0x82, 0xec, 0xe1, 0x0, 0x18,

    /* U+53F0 "台" */
    0x0, 0xf8, 0x40, 0x3f, 0xf8, 0x8f, 0xc8, 0x1,
    0xff, 0xc2, 0x28, 0x34, 0x0, 0xff, 0xe0, 0x8f,
    0x87, 0x0, 0x45, 0x8a, 0x1, 0xfb, 0x4a, 0x88,
    0x2, 0x31, 0xa5, 0x0, 0xe1, 0xc3, 0x75, 0x0,
    0xc3, 0x85, 0x48, 0x1, 0x1e, 0x1b, 0xc0, 0x6,
    0x24, 0x77, 0x5, 0x8, 0x1e, 0x10, 0x95, 0xe6,
    0xff, 0xb6, 0xe5, 0xc, 0x74, 0xc, 0x84, 0xd8,
    0x19, 0x1e, 0x6f, 0x7f, 0xb1, 0x80, 0x43, 0x7b,
    0x72, 0xea, 0x61, 0x90, 0x80, 0x29, 0xc1, 0x0,
    0x2b, 0x37, 0xff, 0x0, 0xc0, 0x35, 0xcc, 0xff,
    0xf0, 0x2c, 0x3, 0x97, 0xff, 0xfc, 0x1, 0xff,
    0xf1, 0x5f, 0xff, 0xf0, 0x7, 0xc7, 0x11, 0xfe,
    0x0, 0xf9, 0x9d, 0xff, 0xc0, 0x18,

    /* U+540C "同" */
    0xf, 0xff, 0xfe, 0x20, 0x4, 0x71, 0x1f, 0xfc,
    0x3, 0x0, 0xc8, 0xef, 0xff, 0xc0, 0x40, 0xf,
    0xfe, 0x58, 0xff, 0xff, 0x88, 0x3, 0xc2, 0xef,
    0xfe, 0x30, 0xf, 0xa2, 0x3f, 0xc2, 0x1, 0xf8,
    0xcf, 0xf0, 0x7, 0xf0, 0xe6, 0x7e, 0x20, 0xf,
    0xf2, 0xdd, 0xe6, 0x0, 0xff, 0xe0, 0x12, 0x26,
    0xf0, 0xf, 0xfe, 0x92, 0x44, 0x6d, 0x0, 0xff,
    0x8, 0x1b, 0xbe, 0x40, 0xf, 0xfb, 0xff, 0xf1,
    0x0, 0x7f, 0xf5, 0x9a, 0xa5, 0x80, 0x3f, 0xf8,
    0x46, 0x8c, 0x12, 0x0, 0xd9, 0x0, 0xfe, 0x5e,
    0xfe, 0x60,

    /* U+542F "启" */
    0x0, 0xff, 0x8, 0x7, 0xff, 0x12, 0x3c, 0x3,
    0xfe, 0x11, 0xed, 0x14, 0x11, 0xe0, 0xc, 0xfd,
    0xdd, 0x41, 0x7d, 0xdd, 0x0, 0x1d, 0x13, 0x3f,
    0xd0, 0x1, 0xf3, 0x37, 0xfc, 0x1, 0xff, 0xcd,
    0x67, 0x7f, 0xe6, 0x0, 0xfa, 0x23, 0xfe, 0x0,
    0xef, 0xe, 0xff, 0xff, 0xa0, 0x2, 0x10, 0x10,
    0xf, 0xfe, 0x19, 0x80, 0x11, 0xdf, 0xfc, 0xc0,
    0x13, 0x88, 0x74, 0x4c, 0xfe, 0x88, 0x0, 0x44,
    0xa0, 0x1, 0xee, 0xfc, 0xa0, 0x12, 0x81, 0x80,
    0x7f, 0xf0, 0xe4, 0x28, 0x3, 0xff, 0x84, 0xc6,
    0xa4, 0x0, 0x1f, 0xff, 0xca, 0x3, 0x21, 0x0,
    0x19, 0xdf, 0xf1, 0x0, 0xbd, 0x10, 0x4, 0x31,
    0x1f, 0x9c, 0x1, 0xa, 0x1, 0x57, 0x80, 0x7e,
    0xae,

    /* U+547D "命" */
    0x0, 0xff, 0x8, 0x7, 0xff, 0x14, 0x73, 0x90,
    0x3, 0xff, 0x86, 0x78, 0x61, 0x26, 0x1, 0xff,
    0xc1, 0x8c, 0xd, 0xc3, 0xc9, 0x10, 0xf, 0xe6,
    0xe7, 0x6d, 0x23, 0xf6, 0x67, 0x38, 0x80, 0x73,
    0xf4, 0x96, 0x48, 0x4, 0x33, 0x85, 0x1d, 0x26,
    0x0, 0xd8, 0x39, 0xb4, 0x77, 0xf2, 0x54, 0x93,
    0x40, 0x2, 0x6f, 0x5a, 0x23, 0xfc, 0xfb, 0x72,
    0x0, 0x44, 0x0, 0x3f, 0xff, 0xc2, 0x8, 0x40,
    0x11, 0xc4, 0x72, 0x0, 0xc4, 0x79, 0x40, 0x32,
    0x3b, 0x34, 0xfa, 0x6, 0xef, 0xef, 0x0, 0xe1,
    0xee, 0x84, 0x3, 0x47, 0xfc, 0x20, 0x1f, 0xfe,
    0x33, 0x38, 0x3, 0xf0, 0x88, 0x3, 0xc3, 0x99,
    0x8, 0x7, 0x27, 0xf0, 0x68, 0x7, 0xae, 0xe1,
    0x0, 0xe4, 0x55, 0x43, 0x80, 0x71, 0x22, 0x5f,
    0x20, 0x1d, 0x54, 0x70, 0xe, 0x7d, 0x0, 0x84,
    0x3, 0xff, 0x80,

    /* U+56DE "回" */
    0xef, 0xff, 0xfe, 0x15, 0x1, 0x44, 0x7f, 0xf0,
    0x0, 0x27, 0x7f, 0xfe, 0x8, 0x80, 0x7f, 0xf2,
    0x48, 0xbe, 0x10, 0xf, 0xd9, 0xbb, 0xe8, 0x0,
    0xfe, 0x3a, 0xac, 0x1, 0xff, 0x32, 0xae, 0x0,
    0xff, 0xf7, 0xaf, 0xfe, 0x0, 0xff, 0x4c, 0x47,
    0xb4, 0x3, 0xf3, 0xbf, 0xc8, 0x1, 0xe1, 0x1f,
    0xfe, 0x0, 0x4, 0xbd, 0xdf, 0xfc, 0x1, 0x0,
    0x1c, 0xcf, 0xff, 0x0, 0x2, 0x66, 0xff, 0xe0,
    0x88, 0x0,

    /* U+5728 "在" */
    0x0, 0xf8, 0xd0, 0x3, 0xff, 0x8b, 0xf6, 0x1,
    0xff, 0xc4, 0x23, 0x60, 0xf, 0xfb, 0xbf, 0xf6,
    0x83, 0x7f, 0xff, 0x40, 0x4b, 0xbc, 0xc0, 0x4e,
    0xff, 0xec, 0x7, 0x88, 0x84, 0x26, 0x22, 0xbc,
    0x88, 0xe4, 0x0, 0xc2, 0xe8, 0x80, 0xa, 0x28,
    0x3, 0xf8, 0xa0, 0x20, 0x3, 0xff, 0x87, 0xc,
    0xc3, 0x0, 0xff, 0xe1, 0x22, 0x84, 0x9c, 0x46,
    0x61, 0x88, 0xca, 0x0, 0x3b, 0x1, 0x6, 0x77,
    0xc4, 0xe, 0xfb, 0x80, 0xb4, 0x8, 0x0, 0xbf,
    0xf9, 0x7, 0xff, 0x58, 0x5, 0x4e, 0x1, 0xff,
    0xc3, 0x2e, 0x50, 0xf, 0xff, 0x79, 0x44, 0x73,
    0xc, 0x47, 0x18, 0x7, 0x33, 0xbf, 0x10, 0x3b,
    0xf2, 0x80, 0x72, 0x7f, 0xff, 0xf0, 0x18,

    /* U+5904 "处" */
    0x0, 0xff, 0xe5, 0xbe, 0x88, 0x7, 0x3f, 0x88,
    0x7, 0xec, 0x31, 0x0, 0xff, 0xe2, 0x22, 0x0,
    0x3f, 0xf8, 0x88, 0xd, 0x33, 0x84, 0x3, 0xfe,
    0xe0, 0x36, 0x6c, 0x60, 0x1f, 0xf2, 0x97, 0xfd,
    0x0, 0x60, 0x11, 0x0, 0x79, 0x80, 0x84, 0x1,
    0xa4, 0x20, 0x16, 0x50, 0x80, 0x6b, 0x0, 0x38,
    0x1, 0x10, 0x1, 0x95, 0x5c, 0xa0, 0x5, 0x28,
    0x4a, 0x3, 0x1d, 0x0, 0xd7, 0x85, 0x52, 0x10,
    0x4f, 0xa6, 0x6b, 0x4, 0x0, 0xe3, 0xc4, 0x10,
    0xb8, 0x6, 0x8, 0x66, 0x0, 0x7c, 0x37, 0x0,
    0xca, 0x0, 0x64, 0x1a, 0x0, 0xff, 0xe1, 0xd0,
    0x0, 0x40, 0x3f, 0xf8, 0x7e, 0x21, 0xe4, 0x1,
    0xff, 0xc1, 0xa3, 0xaa, 0x16, 0xb0, 0x1b, 0x88,
    0x7, 0x87, 0x16, 0x51, 0x6c, 0x67, 0x4e, 0x80,
    0x3c, 0xbc, 0x72, 0xc0, 0x4, 0xf6, 0x28, 0xdf,
    0xdb, 0xa8, 0x6, 0x2c, 0x60, 0xc, 0x33, 0xf4,
    0xc6, 0x8, 0xbe, 0x7, 0xa6, 0x1, 0xf9, 0x67,
    0x37, 0xfc, 0xe0,

    /* U+5907 "备" */
    0x0, 0xe3, 0x0, 0xff, 0xe2, 0x16, 0x48, 0x7,
    0xff, 0xe, 0x0, 0xe, 0xff, 0x30, 0x7, 0x95,
    0x40, 0xd1, 0x1f, 0x80, 0x38, 0xe8, 0x1b, 0xff,
    0xce, 0x12, 0x1, 0x87, 0x45, 0x1b, 0x8, 0x0,
    0x34, 0xec, 0xe0, 0x18, 0x63, 0x2e, 0xf, 0x65,
    0xfd, 0x66, 0x40, 0x1e, 0x62, 0x7, 0x90, 0x68,
    0x17, 0x70, 0x7, 0x9, 0xb4, 0xe7, 0xc8, 0x33,
    0x5, 0xfb, 0x69, 0x90, 0x63, 0x25, 0x89, 0xab,
    0xe6, 0x5d, 0x6e, 0x2b, 0x36, 0xd7, 0x15, 0x9f,
    0x8, 0x23, 0x96, 0x77, 0xb2, 0x98, 0x9f, 0x31,
    0xdd, 0xff, 0x52, 0x88, 0x6, 0xaa, 0xc0, 0x95,
    0x58, 0x3, 0xe1, 0x55, 0xc2, 0x4a, 0xb8, 0x40,
    0x3c, 0x3f, 0xf8, 0x5b, 0xff, 0x8, 0x7, 0xd7,
    0x78, 0x16, 0xef, 0x0, 0x7c, 0x28, 0x98, 0x4d,
    0x13, 0x8, 0x7, 0x85, 0x9b, 0x9, 0x33, 0x61,
    0x0, 0xfa, 0x67, 0x2, 0x4c, 0xe0, 0xc,

    /* U+5B57 "字" */
    0x0, 0xfc, 0x60, 0x1f, 0xfc, 0x47, 0xc5, 0x0,
    0xfc, 0xae, 0xfe, 0x0, 0x43, 0xbf, 0xc5, 0xd1,
    0x1f, 0x1, 0x44, 0x7c, 0xc0, 0x5f, 0xff, 0xfc,
    0x1b, 0x0, 0xe1, 0x1f, 0xf8, 0x3, 0x56, 0x2f,
    0x77, 0xfd, 0x49, 0xa8, 0x22, 0x49, 0x9f, 0xca,
    0x0, 0xd0, 0x20, 0x8, 0x59, 0xbc, 0x98, 0xa3,
    0x4e, 0x1, 0xff, 0x46, 0xab, 0x7a, 0x80, 0x7f,
    0xc4, 0xe5, 0x92, 0x20, 0x1d, 0x13, 0x3e, 0x80,
    0x5, 0x4c, 0xf9, 0x15, 0x9b, 0xca, 0x4, 0xcd,
    0xf1, 0x6f, 0xff, 0xb4, 0x17, 0xff, 0xe6, 0x0,
    0xff, 0xf7, 0x5c, 0xc5, 0x81, 0x80, 0x7f, 0xf0,
    0x5, 0x1d, 0x8a, 0x80, 0x3f, 0x0,

    /* U+5B8C "完" */
    0x0, 0xfc, 0x66, 0x0, 0xff, 0xe2, 0xe, 0x70,
    0x7, 0xfa, 0x23, 0xd2, 0x25, 0x11, 0xf0, 0x0,
    0x5d, 0xfe, 0x10, 0x77, 0xf8, 0x40, 0x26, 0xff,
    0xff, 0xe0, 0x30, 0x7, 0xff, 0x28, 0x7e, 0x6b,
    0xff, 0xfd, 0x53, 0xe2, 0x1, 0xbd, 0xdf, 0xfd,
    0xe0, 0x1f, 0x2c, 0x47, 0xf9, 0x40, 0x38, 0xcf,
    0xff, 0x88, 0x0, 0x1c, 0xcf, 0xfe, 0x21, 0x0,
    0xdd, 0xe7, 0x7, 0xbb, 0x20, 0x5d, 0xf1, 0x0,
    0x11, 0x30, 0x2, 0x91, 0x2, 0x8, 0x9c, 0x1,
    0xf2, 0x89, 0x0, 0x7f, 0xf0, 0xd4, 0x9c, 0x3,
    0xf8, 0xcc, 0x1, 0x8a, 0xc2, 0xc0, 0x3f, 0xaf,
    0x8, 0x0, 0xb8, 0x2e, 0x40, 0x1f, 0xc6, 0x4,
    0xb9, 0x42, 0xd0, 0x1, 0x8c, 0x2e, 0x65, 0x68,
    0x60, 0x67, 0x5c, 0x80, 0x75, 0x9a, 0x33, 0x15,
    0x3c, 0x1b, 0x71, 0x0, 0x3c, 0x59, 0xff, 0x75,
    0x98, 0x0,

    /* U+5BF9 "对" */
    0xcf, 0xfe, 0xb0, 0xf, 0xbe, 0x40, 0x14, 0xcd,
    0x80, 0x80, 0x3f, 0xe6, 0x99, 0xc0, 0x20, 0x1f,
    0xfc, 0x31, 0xf, 0x1, 0x1f, 0x0, 0x4, 0x49,
    0x80, 0x2, 0x2, 0x6e, 0xef, 0x3, 0x77, 0x81,
    0xc0, 0x30, 0x32, 0x4c, 0xf8, 0x12, 0x6d, 0x15,
    0xcc, 0x80, 0xc9, 0x9d, 0x9b, 0x1, 0x32, 0x85,
    0x8f, 0x61, 0x0, 0x13, 0x90, 0x3, 0xf0, 0xc1,
    0x23, 0x80, 0x10, 0x60, 0x3, 0xf9, 0x8c, 0x30,
    0x2, 0x93, 0x40, 0xf, 0xe4, 0xf, 0x0, 0x98,
    0x3c, 0x3, 0xf9, 0x81, 0x88, 0x0, 0x2a, 0x84,
    0x1, 0xf2, 0xb, 0x4, 0x0, 0x5c, 0xe6, 0x1,
    0xf4, 0xc, 0xaa, 0x88, 0x0, 0x90, 0x20, 0x1e,
    0x73, 0x80, 0x94, 0x20, 0xf, 0xf2, 0x41, 0xb0,
    0x1d, 0x80, 0x7f, 0xd0, 0x3a, 0x1, 0xfb, 0x2a,
    0x80, 0x20, 0xe, 0xc1, 0x0, 0xfc, 0xc8, 0xa5,
    0x40, 0x0,

    /* U+5C4F "屏" */
    0x0, 0x3f, 0xff, 0xff, 0xc, 0x80, 0x34, 0xd5,
    0x7f, 0xcc, 0x1, 0xe7, 0x55, 0xff, 0xbc, 0x3,
    0xcc, 0xef, 0xff, 0x60, 0x7, 0xa2, 0x3f, 0xf8,
    0xa, 0x1, 0xee, 0xff, 0x65, 0xff, 0xf5, 0x53,
    0xfc, 0x40, 0x1f, 0x7d, 0x98, 0x4, 0x35, 0x20,
    0x1f, 0x91, 0x6c, 0x39, 0x56, 0xb0, 0x45, 0x50,
    0x5, 0xe0, 0x9, 0xa8, 0x2, 0xaa, 0x94, 0x1e,
    0xa8, 0x20, 0x18, 0x77, 0xfc, 0x87, 0xff, 0x28,
    0x7f, 0xc2, 0x0, 0x10, 0xf, 0xf1, 0x80, 0x7c,
    0xa2, 0x26, 0x6c, 0x2c, 0xd2, 0x83, 0x34, 0x60,
    0x2, 0x52, 0x99, 0x88, 0x93, 0x31, 0x84, 0xce,
    0x2, 0x12, 0x3e, 0xe5, 0x4, 0x77, 0x4a, 0x1d,
    0xd5, 0x82, 0x6, 0x0, 0x8a, 0x41, 0x44, 0x63,
    0x1, 0x1c, 0x14, 0x8, 0x7, 0x86, 0xc4, 0x1,
    0xfc, 0x46, 0x82, 0xd8, 0x6b, 0x20, 0x1f, 0xe3,
    0x5e, 0x7, 0x5a, 0xa0, 0x7, 0xfc, 0x34, 0xa0,
    0x34, 0xa0, 0x1e, 0x9f, 0x0, 0xc0,

    /* U+5DF2 "已" */
    0xef, 0xff, 0xfe, 0xb, 0x80, 0x22, 0x3f, 0xf8,
    0xe, 0x1, 0x99, 0xdf, 0xfe, 0x90, 0xf, 0xfe,
    0x48, 0xfb, 0x80, 0x7f, 0xf9, 0xa3, 0xff, 0xfb,
    0x80, 0x3c, 0x6e, 0xff, 0xe1, 0x0, 0xeb, 0x88,
    0xff, 0x73, 0x80, 0x7f, 0xf5, 0x88, 0x3, 0xff,
    0x89, 0x36, 0x1, 0xff, 0xc3, 0x60, 0xf, 0xfe,
    0x21, 0x18, 0x3, 0xc0, 0x3f, 0xe5, 0xc, 0x11,
    0x3d, 0xd4, 0xcf, 0xd7, 0x94, 0x48, 0x1a, 0x8a,
    0xa6, 0x6f, 0x3b, 0x3, 0x78, 0x0,

    /* U+5E55 "幕" */
    0xaf, 0xff, 0xfe, 0x27, 0x4, 0xd5, 0x60, 0x4a,
    0xac, 0xe1, 0x15, 0x58, 0xd, 0x57, 0x1, 0x2a,
    0xed, 0x4, 0x55, 0x90, 0x3, 0x77, 0x1, 0xbb,
    0xb5, 0x6, 0x71, 0x0, 0x78, 0x56, 0x21, 0x33,
    0xa2, 0xc, 0x22, 0x0, 0xf9, 0x6a, 0xbf, 0x38,
    0x7, 0xf2, 0x44, 0x7e, 0x60, 0xf, 0xf1, 0x9f,
    0xe0, 0xf, 0xf2, 0xcc, 0xfe, 0x70, 0x10, 0x8,
    0x48, 0x9b, 0xab, 0x5, 0xdd, 0xf8, 0x8, 0x81,
    0x7b, 0xba, 0xc1, 0x77, 0x7f, 0xbc, 0x2b, 0xb9,
    0x0, 0xbd, 0xc4, 0xe, 0xe2, 0x4, 0x77, 0x30,
    0x2, 0xb8, 0x5, 0xee, 0x20, 0x77, 0x10, 0x23,
    0x90, 0x41, 0xf9, 0x8, 0x2e, 0xe4, 0x1b, 0xb9,
    0xc0, 0x15, 0xc4, 0xd, 0xea, 0x8, 0x91, 0x2,
    0x25, 0xc1, 0xb0, 0xe4, 0xf2, 0x20, 0x1f, 0x87,
    0xe4, 0x49, 0xe4, 0x3, 0x71, 0x80, 0x78, 0x66,
    0x58, 0x1, 0xf3, 0x60, 0x7, 0xcc, 0xc2, 0x0,
    0xc0,

    /* U+5E95 "底" */
    0x0, 0xff, 0xe8, 0x2f, 0x98, 0x7, 0xf9, 0xdf,
    0xda, 0x1e, 0xef, 0xe5, 0x0, 0xc, 0x47, 0x9c,
    0xe, 0x23, 0xde, 0x1, 0xa3, 0xff, 0xfd, 0xbf,
    0xea, 0x0, 0xfe, 0x13, 0x57, 0xae, 0xd9, 0x0,
    0xfd, 0xbf, 0xee, 0xca, 0x87, 0x74, 0xc0, 0x7,
    0xe3, 0x34, 0xd5, 0xd0, 0x5c, 0xb0, 0x80, 0x7f,
    0x33, 0x15, 0x1c, 0x4, 0x3, 0xff, 0x88, 0x61,
    0xe0, 0x1f, 0xfc, 0x6, 0x77, 0x98, 0x11, 0xdf,
    0x0, 0x46, 0x2, 0x0, 0x38, 0x8c, 0x7, 0x11,
    0x84, 0x0, 0xc0, 0x60, 0x5, 0xff, 0xca, 0x1f,
    0xf8, 0x40, 0x4, 0xc, 0x1, 0xf6, 0x81, 0x80,
    0x7b, 0x0, 0xc0, 0x3e, 0x50, 0xb0, 0x0, 0x88,
    0x0, 0xa6, 0x1, 0xe2, 0x92, 0x36, 0x10, 0x6c,
    0x5, 0xb, 0x0, 0xca, 0xe0, 0xcc, 0x81, 0xb0,
    0xa4, 0x9, 0x5, 0x0, 0x96, 0xac, 0x8e, 0x91,
    0x97, 0xa, 0x82, 0xd4, 0x80, 0x15, 0x1b, 0x81,
    0x4c, 0x12, 0xc6, 0xe6, 0xf, 0x40, 0x12, 0x39,
    0x0, 0x1a, 0x80, 0x13, 0xf0, 0x0,

    /* U+5EA6 "度" */
    0x0, 0xff, 0xe8, 0xaf, 0x18, 0x7, 0xfc, 0xef,
    0xed, 0x1f, 0x77, 0xf2, 0x80, 0x43, 0x11, 0xe7,
    0x3, 0x88, 0xf7, 0x80, 0x74, 0x7f, 0xb9, 0x73,
    0xff, 0x35, 0x7f, 0xa8, 0x3, 0xbc, 0x88, 0xaa,
    0x42, 0x2c, 0xfe, 0x44, 0x10, 0xe, 0x1d, 0xd5,
    0x84, 0x6e, 0xe1, 0x5d, 0xd4, 0x80, 0x70, 0xee,
    0xac, 0x27, 0x77, 0xa, 0xee, 0xa4, 0x3, 0xbc,
    0x88, 0xc0, 0x64, 0x58, 0xc, 0x88, 0x20, 0x1f,
    0xea, 0xff, 0xc2, 0x1, 0xff, 0xc0, 0x2b, 0xbf,
    0xc0, 0x1e, 0x30, 0x12, 0x66, 0x11, 0x7c, 0x8c,
    0x20, 0x19, 0x80, 0xde, 0x67, 0xfe, 0x50, 0xc,
    0x40, 0xcb, 0xe4, 0x19, 0xff, 0x9c, 0xd, 0x0,
    0x36, 0x1, 0x80, 0x3c, 0x31, 0x0, 0x12, 0xe5,
    0xa0, 0x1c, 0x86, 0x1, 0x16, 0xd, 0xd7, 0x32,
    0x68, 0x80, 0x64, 0x14, 0x0, 0xc4, 0xc0, 0xa2,
    0x50, 0x1, 0xef, 0xa, 0x36, 0x9d, 0xe7, 0x37,
    0x22, 0x67, 0x64, 0xc0, 0x81, 0xa1, 0x5c, 0xbb,
    0x46, 0xe4, 0x6e, 0x3a, 0x93, 0x30, 0x42, 0x2c,
    0x23, 0xb9, 0x6e, 0x40, 0x11, 0xc5, 0xf7, 0xf0,
    0x0,

    /* U+5F0F "式" */
    0x0, 0xff, 0xe8, 0xdf, 0x81, 0xf3, 0x80, 0x7f,
    0xf1, 0x9, 0x22, 0x0, 0x1f, 0xfc, 0x1, 0x0,
    0xd, 0x4c, 0x80, 0xb, 0xff, 0xfc, 0xa1, 0xff,
    0x4f, 0x68, 0x33, 0xbf, 0xf1, 0x83, 0x3b, 0xea,
    0x3, 0x88, 0xfe, 0xa0, 0xa8, 0x8c, 0xe0, 0x1f,
    0xf1, 0x3, 0x80, 0x7c, 0x24, 0x5f, 0xb, 0x1,
    0x80, 0x7d, 0xbb, 0xfa, 0x48, 0x38, 0x3, 0xe8,
    0xaa, 0x20, 0x55, 0x56, 0x6, 0xa0, 0x1f, 0x22,
    0xa8, 0xc1, 0x56, 0x30, 0x53, 0x0, 0xff, 0xe2,
    0xe0, 0x20, 0x7, 0xff, 0x11, 0x43, 0x40, 0x6,
    0xa0, 0x1f, 0xe1, 0x0, 0x23, 0x80, 0x16, 0x80,
    0x30, 0x90, 0x4d, 0xf7, 0x4, 0x3c, 0x54, 0x3c,
    0x40, 0xf7, 0xf9, 0x41, 0x95, 0x50, 0x0, 0x42,
    0x81, 0x74, 0x1, 0x33, 0x2c, 0x5f, 0x72, 0xdc,
    0x40, 0x12, 0x5c, 0x3e, 0x5, 0xd9, 0x4e, 0x82,
    0x1, 0xe4, 0x81, 0x55, 0x0,

    /* U+5F53 "当" */
    0x1, 0x0, 0xee, 0xa0, 0xc, 0x20, 0x5, 0xe6,
    0x0, 0xff, 0x57, 0xa, 0x94, 0x90, 0x7, 0xe3,
    0x45, 0x10, 0xe0, 0xe0, 0xf, 0xdc, 0x10, 0x0,
    0x36, 0x22, 0x0, 0x79, 0x49, 0xcc, 0x2, 0x8e,
    0x20, 0xf, 0x2e, 0xc0, 0x2, 0x3f, 0xbf, 0xf0,
    0xaf, 0xfd, 0xbf, 0xe0, 0xc7, 0x7f, 0xfe, 0x1,
    0x80, 0x12, 0x23, 0xff, 0x80, 0x80, 0x1f, 0xfc,
    0x75, 0x5f, 0xfe, 0x1, 0x0, 0x6, 0xab, 0xff,
    0x80, 0xa0, 0x1, 0xdd, 0xff, 0xe0, 0x30, 0x4,
    0x45, 0xff, 0xc0, 0x10, 0xf, 0xfe, 0x35, 0x7f,
    0xff, 0xf0, 0x1c, 0x1, 0x8e, 0xff, 0xfc, 0x3,
    0x0, 0x34, 0x47, 0xff, 0x1, 0x0, 0x0,

    /* U+5F55 "录" */
    0x0, 0x67, 0xff, 0xfc, 0xe0, 0x1d, 0x51, 0x1f,
    0xce, 0x1, 0xf3, 0x3b, 0xff, 0x48, 0x7, 0xe6,
    0x6f, 0xf0, 0x7, 0xc3, 0x33, 0xfd, 0x0, 0x1f,
    0xf, 0x77, 0xf6, 0x80, 0x72, 0x2a, 0x91, 0x3f,
    0xc1, 0xaa, 0xa4, 0xfa, 0xaf, 0xfa, 0x41, 0x6a,
    0x91, 0x5b, 0xbf, 0x0, 0x23, 0x77, 0xe1, 0x27,
    0xf0, 0x22, 0x80, 0x12, 0x45, 0x35, 0x90, 0x80,
    0x1c, 0xfc, 0x3, 0x10, 0xd0, 0x1d, 0x39, 0x0,
    0x45, 0x64, 0x80, 0x13, 0xb9, 0x6b, 0x3, 0x8,
    0x3, 0x2f, 0x6, 0xa0, 0x2, 0xd, 0x4b, 0xc8,
    0x3, 0x8e, 0xac, 0x58, 0x2, 0xc2, 0x24, 0x0,
    0x65, 0xcc, 0x24, 0x61, 0x0, 0x6c, 0x36, 0xd4,
    0x7, 0xa3, 0x5e, 0x70, 0x8, 0xc0, 0x3, 0x8a,
    0x57, 0x4c, 0xbb, 0x42, 0x93, 0x0, 0x1e, 0xaa,
    0xc, 0x8d, 0x10, 0x1, 0xd1, 0xc6, 0x80, 0x39,
    0x78, 0xc0,

    /* U+5F85 "待" */
    0x0, 0xff, 0xe5, 0x9e, 0x10, 0x7, 0x4f, 0x80,
    0x7e, 0x1e, 0x22, 0x0, 0x7f, 0xf0, 0x87, 0x4b,
    0x40, 0x17, 0xff, 0x30, 0x7f, 0xe3, 0x2, 0xc3,
    0xa3, 0x0, 0x74, 0x44, 0x61, 0x11, 0x88, 0x20,
    0xa9, 0x51, 0x41, 0x5d, 0xe5, 0x7, 0x7c, 0x21,
    0x78, 0xa1, 0x50, 0x45, 0xc6, 0x4, 0x5c, 0x2,
    0x61, 0x43, 0x3d, 0xbb, 0x94, 0x37, 0x76, 0x0,
    0x4e, 0xac, 0x91, 0x55, 0xff, 0x0, 0x1a, 0x2,
    0x41, 0x15, 0x7e, 0x98, 0x54, 0x8, 0x90, 0xc,
    0x8c, 0xdf, 0x9, 0xb3, 0x0, 0x91, 0xc0, 0x2e,
    0x99, 0xf8, 0x86, 0x64, 0x15, 0x7e, 0x1, 0x57,
    0x77, 0xc6, 0x5d, 0xc0, 0xf, 0xc3, 0x54, 0x11,
    0xc0, 0x1, 0x10, 0x7, 0xf6, 0x22, 0x80, 0x7f,
    0xf1, 0x1c, 0x7c, 0x3, 0xff, 0x8b, 0xb4, 0x1,
    0x84, 0x3, 0xff, 0x80, 0x61, 0xb7, 0x63, 0x70,
    0xf, 0xfe, 0x12, 0x32, 0x9c, 0x0, 0x0,

    /* U+601D "思" */
    0x0, 0xf, 0xff, 0xff, 0x9, 0xc0, 0x3c, 0x91,
    0x18, 0xc2, 0x23, 0x38, 0x7, 0xec, 0x77, 0xca,
    0x2e, 0xfa, 0x40, 0x3f, 0xfa, 0x18, 0xef, 0x94,
    0x5d, 0xf3, 0x0, 0x7e, 0x48, 0x8c, 0x61, 0x11,
    0xc0, 0x1f, 0xa3, 0xff, 0x30, 0xff, 0xee, 0x0,
    0xff, 0xe8, 0x5c, 0x46, 0x51, 0x88, 0xe0, 0xf,
    0xc6, 0xef, 0x8c, 0x1d, 0xf3, 0x0, 0x78, 0x7f,
    0xff, 0xf8, 0x4e, 0x1, 0xf8, 0x40, 0xa, 0xa0,
    0xf, 0xfe, 0x4, 0x8b, 0xf0, 0x84, 0xd1, 0x80,
    0x4b, 0xe8, 0x1, 0x99, 0x88, 0x1, 0xb4, 0x3c,
    0x2, 0x40, 0x90, 0xd, 0x64, 0xa0, 0x18, 0x5d,
    0xc2, 0x2a, 0x38, 0x26, 0x0, 0x41, 0x40, 0x7,
    0xa2, 0xc5, 0x15, 0xd8, 0x2c, 0x5, 0xcd, 0x40,
    0x42, 0xdd, 0xd1, 0x9, 0xb0, 0x41, 0x61, 0x1a,
    0xf8, 0x0, 0xe6, 0xb1, 0x7, 0x78, 0xa8, 0x42,
    0x70, 0x40,

    /* U+606F "息" */
    0x0, 0xfc, 0xc6, 0x1, 0xff, 0xc5, 0x29, 0xf0,
    0xf, 0xfe, 0xc, 0xff, 0xda, 0x7, 0xff, 0xee,
    0x0, 0xf1, 0x83, 0xbf, 0xf8, 0x80, 0x3f, 0xc,
    0x47, 0xf9, 0xc0, 0x3f, 0xf, 0xff, 0xf9, 0x40,
    0x3f, 0xae, 0xff, 0xc8, 0x1, 0xfc, 0xef, 0xfe,
    0x0, 0xff, 0x66, 0x7f, 0x90, 0x3, 0xf0, 0xff,
    0xff, 0x94, 0x3, 0xf0, 0xff, 0xff, 0x94, 0x3,
    0xef, 0x77, 0xff, 0xe0, 0x48, 0x7, 0x96, 0x23,
    0xff, 0x80, 0xe0, 0x1e, 0x50, 0x27, 0x22, 0x6b,
    0x80, 0x72, 0x0, 0x72, 0x53, 0x32, 0x18, 0x9e,
    0x30, 0x40, 0x13, 0x68, 0x1, 0xa0, 0x1c, 0x3,
    0x54, 0x1b, 0x81, 0xc0, 0xd0, 0x80, 0x1c, 0xdc,
    0x40, 0x39, 0xf1, 0x8f, 0x1e, 0xc6, 0x0, 0x14,
    0x30, 0x1, 0x7b, 0x31, 0xd2, 0x38, 0x11, 0x4d,
    0x84, 0x33, 0x40, 0x8, 0x94, 0xca, 0x20, 0xc1,
    0x4, 0x1d, 0xc1,

    /* U+610F "意" */
    0x0, 0xfc, 0x66, 0x0, 0xff, 0xe2, 0xe, 0x68,
    0x7, 0xfa, 0x3f, 0xfb, 0x80, 0x7f, 0xfd, 0x40,
    0x15, 0xcc, 0x84, 0x26, 0x7c, 0x0, 0x99, 0x70,
    0x4, 0x6c, 0xc8, 0x0, 0x33, 0x60, 0x4, 0xb3,
    0x10, 0x1, 0x3f, 0xf4, 0x84, 0xff, 0xe9, 0x9,
    0xff, 0xb4, 0x36, 0x67, 0xff, 0x89, 0x0, 0x8c,
    0xa0, 0x1f, 0xfc, 0x5, 0x65, 0x0, 0xa6, 0x7f,
    0xf8, 0x34, 0x1, 0xf7, 0xff, 0xf8, 0x3, 0xfb,
    0xff, 0xfc, 0x1, 0xfd, 0xff, 0xfe, 0x0, 0xfe,
    0xff, 0xff, 0x0, 0x7d, 0x17, 0x7f, 0xfc, 0x10,
    0xe, 0x14, 0x57, 0x44, 0x8, 0x22, 0x73, 0x90,
    0x4, 0x58, 0xf3, 0x80, 0xe, 0xa0, 0x8, 0x45,
    0x5c, 0x1, 0x70, 0xb8, 0x6, 0x87, 0x10, 0x2e,
    0x48, 0x36, 0x9, 0x3b, 0xf, 0xa, 0x84, 0xe9,
    0x97, 0x0, 0x1c, 0x6c, 0x2e, 0x14, 0x14, 0xd1,
    0xe2, 0xe, 0xc4, 0x8a, 0x11, 0x0,

    /* U+6210 "成" */
    0x0, 0xff, 0xe8, 0x8f, 0xc0, 0x5c, 0x80, 0x7f,
    0xf0, 0x44, 0x2, 0xd6, 0x50, 0xc, 0x26, 0x7f,
    0x80, 0x8d, 0x61, 0x8c, 0x2, 0x7c, 0xcf, 0xc0,
    0xb9, 0x88, 0xcc, 0x0, 0x75, 0xe6, 0x78, 0x53,
    0x33, 0x80, 0x39, 0x4c, 0xfc, 0x4e, 0x67, 0xc0,
    0x1f, 0xfc, 0x7, 0x10, 0x2, 0x48, 0x80, 0x73,
    0xb3, 0x61, 0x2, 0x20, 0x3, 0x58, 0xc0, 0x3a,
    0x67, 0x88, 0x38, 0x8, 0x1c, 0x88, 0x1, 0x8,
    0x7f, 0xd2, 0x1, 0x18, 0x39, 0x8a, 0x80, 0x7f,
    0x8, 0x8, 0x20, 0x65, 0x5, 0x80, 0x6f, 0x0,
    0xde, 0x6, 0x0, 0x37, 0x63, 0x30, 0x6, 0x32,
    0x0, 0x84, 0x4, 0x1, 0x62, 0x10, 0x1, 0xca,
    0xe0, 0x11, 0x88, 0x4, 0x20, 0x48, 0x1, 0x8c,
    0x70, 0x26, 0x95, 0x40, 0x3, 0x90, 0x22, 0x4,
    0x50, 0x50, 0x20, 0xb, 0x94, 0x82, 0xe0, 0xd0,
    0x48, 0x20, 0x89, 0x8c, 0x82, 0x37, 0x44, 0xb4,
    0x1a, 0xb0, 0x98, 0x7c, 0x35, 0x0, 0x1e, 0x44,
    0x69, 0x83, 0xb8, 0x95, 0x40,

    /* U+6253 "打" */
    0x0, 0x87, 0xdc, 0x0, 0x3f, 0xff, 0xe0, 0xf,
    0xc3, 0x11, 0xc2, 0x51, 0x10, 0x7, 0xf3, 0xbf,
    0x1b, 0x3b, 0xc1, 0xfe, 0xe0, 0x8f, 0xd0, 0xf,
    0xfe, 0x3, 0xb9, 0x80, 0xde, 0x80, 0x3f, 0xf8,
    0x11, 0x10, 0x5c, 0x38, 0x7, 0xff, 0x64, 0x80,
    0x3f, 0xf8, 0x9b, 0x7a, 0x20, 0x1f, 0xfc, 0x3,
    0x80, 0x55, 0x40, 0x80, 0x7f, 0x87, 0xb1, 0x81,
    0xb9, 0xc0, 0x3f, 0xe1, 0x26, 0xb0, 0xe0, 0xf,
    0xfe, 0x16, 0x4a, 0x80, 0x7f, 0xfd, 0xcc, 0x3,
    0xa6, 0x20, 0x2, 0x1, 0xcd, 0x34, 0x24, 0x1,
    0xce, 0xc2, 0x80, 0x1e, 0x75, 0x2a, 0x0, 0xd3,
    0xfe, 0xe2, 0x0, 0xe6, 0xef, 0xd3, 0x0, 0x80,

    /* U+62A5 "报" */
    0x0, 0x87, 0xdc, 0x0, 0xff, 0xff, 0xa8, 0x3,
    0xff, 0x80, 0xf1, 0x1c, 0x6, 0x1, 0xff, 0xc0,
    0x97, 0x7e, 0x1, 0x0, 0xbf, 0xdc, 0x11, 0xfa,
    0x1, 0xf0, 0x87, 0x80, 0x4e, 0xe6, 0x3, 0x7a,
    0x0, 0xe6, 0x57, 0x3, 0x0, 0xa2, 0x20, 0xb8,
    0x70, 0xe, 0x8a, 0x92, 0x40, 0xf, 0xfe, 0x1f,
    0xe6, 0x34, 0x3, 0xfc, 0x40, 0xe, 0xff, 0x76,
    0x63, 0xfc, 0x60, 0x1e, 0xcc, 0x6f, 0x4, 0x1,
    0xcc, 0xc6, 0x4, 0x1, 0x25, 0x82, 0xc, 0x88,
    0x32, 0x13, 0x34, 0x4, 0x20, 0x3f, 0x6a, 0xd,
    0xad, 0xe0, 0xd, 0x14, 0x1, 0x34, 0x0, 0xa,
    0x3e, 0x7, 0x0, 0x73, 0x4, 0x84, 0x86, 0x80,
    0x57, 0x4, 0x1, 0xfa, 0xa, 0x1c, 0x90, 0x3,
    0xff, 0x84, 0xe4, 0xe1, 0x20, 0x1f, 0xfc, 0x45,
    0x0, 0x38, 0x7, 0xff, 0xe, 0x5c, 0xc3, 0x1c,
    0x2, 0xaa, 0x58, 0x8, 0x6, 0x7e, 0x65, 0xcc,
    0xc, 0x68, 0x0, 0x91, 0x49, 0xc0, 0x21, 0x20,
    0x9a, 0x3, 0xf6, 0xa0, 0x4, 0x77, 0xe8, 0x80,
    0x1f, 0x93, 0x98, 0x2, 0x19, 0x70,

    /* U+62E9 "择" */
    0x0, 0xa7, 0xc0, 0x11, 0xff, 0xfc, 0xa0, 0x1f,
    0xad, 0x81, 0x66, 0x71, 0x3, 0x80, 0x7e, 0x39,
    0x24, 0x76, 0x61, 0x93, 0x10, 0x2, 0xfd, 0x83,
    0xfc, 0x21, 0x23, 0xa0, 0xd4, 0x30, 0x1, 0x6b,
    0x98, 0x3b, 0x84, 0x11, 0xcf, 0xa4, 0x34, 0x40,
    0x26, 0x85, 0x8, 0x80, 0x5, 0x22, 0x20, 0x83,
    0x0, 0xff, 0xa, 0xd7, 0x9, 0x84, 0x63, 0x10,
    0x7, 0xc3, 0xd4, 0xa9, 0x98, 0xe6, 0x39, 0xd9,
    0x0, 0xe3, 0x9a, 0xa7, 0x59, 0x73, 0xcf, 0xdb,
    0xd0, 0x0, 0xd4, 0x31, 0x15, 0x95, 0x10, 0x3e,
    0x88, 0xa, 0x30, 0xdc, 0x30, 0xbc, 0xc, 0xbb,
    0x50, 0x35, 0xdd, 0x0, 0x5, 0x64, 0x4, 0x0,
    0x6e, 0xd6, 0xf, 0xbb, 0x58, 0x2, 0x24, 0x80,
    0x31, 0x14, 0xc1, 0xe4, 0x50, 0x80, 0x7e, 0xff,
    0xda, 0x11, 0xff, 0x9c, 0x3, 0xe7, 0x7c, 0xc0,
    0x8e, 0xf8, 0xc0, 0x3e, 0x88, 0xd6, 0x19, 0x11,
    0x90, 0x1e, 0x90, 0x40, 0x3f, 0xf8, 0x64, 0x84,
    0xc0, 0x1f, 0xfc, 0x20,

    /* U+6309 "按" */
    0x0, 0xff, 0xe5, 0x2f, 0x98, 0x7, 0xe, 0x38,
    0x7, 0xff, 0x10, 0x45, 0x60, 0x1f, 0xfc, 0x18,
    0x8c, 0x27, 0x11, 0x90, 0x3b, 0xe8, 0x33, 0xd9,
    0xd9, 0x54, 0x24, 0xab, 0x3e, 0x4, 0xba, 0x2,
    0xb9, 0x4, 0xee, 0x57, 0xee, 0xc0, 0x13, 0xc7,
    0x4, 0xc2, 0x19, 0x3, 0x40, 0x6, 0x3e, 0x0,
    0xfd, 0x8a, 0x16, 0x44, 0x0, 0xb1, 0x80, 0x39,
    0x69, 0x95, 0x4c, 0x6c, 0xab, 0xc6, 0x1, 0x68,
    0x4b, 0x85, 0x52, 0x41, 0x2a, 0xba, 0x4a, 0x79,
    0xc1, 0xf5, 0xbf, 0x80, 0xff, 0xe0, 0x4f, 0xa7,
    0x60, 0x40, 0xb0, 0x9, 0xc2, 0x40, 0x4, 0x18,
    0x0, 0x5a, 0xee, 0x0, 0x75, 0x83, 0x80, 0x28,
    0x14, 0x2, 0x50, 0xf, 0x94, 0x36, 0x9, 0x8c,
    0x80, 0x3f, 0xe8, 0xd4, 0x7d, 0x1f, 0x0, 0xff,
    0xe0, 0x95, 0x10, 0x2, 0x44, 0x3, 0xfe, 0x18,
    0xe2, 0x66, 0x2f, 0xa0, 0x2, 0x66, 0x1, 0x6,
    0xce, 0x72, 0xb9, 0x95, 0x85, 0xb8, 0x73, 0x9a,
    0x10, 0x0, 0x9a, 0xf5, 0x0, 0x9, 0xe6, 0x80,
    0xfd, 0xf6, 0x0, 0x6e, 0x94, 0x0, 0xe1, 0xc3,

    /* U+6362 "换" */
    0x0, 0xff, 0xe5, 0xbf, 0x88, 0x6, 0x8e, 0x10,
    0xf, 0xfe, 0x20, 0xb9, 0xb3, 0xb9, 0x40, 0x3f,
    0xf8, 0x34, 0x5, 0x11, 0x48, 0x7, 0x67, 0x48,
    0x7c, 0x5, 0x24, 0xff, 0xb0, 0x2c, 0x3, 0x99,
    0x4c, 0x17, 0xc5, 0x1d, 0x80, 0x10, 0xc, 0x1,
    0xd5, 0x74, 0x14, 0xe2, 0xde, 0xee, 0x84, 0x36,
    0x77, 0x0, 0x7f, 0x9e, 0x22, 0x70, 0x38, 0x88,
    0x3, 0xf0, 0x80, 0x1f, 0xfc, 0x66, 0xff, 0x38,
    0x7, 0xea, 0xe1, 0x0, 0xc6, 0xc0, 0x1f, 0x14,
    0x48, 0x2c, 0x88, 0x4, 0x40, 0x40, 0x1f, 0x7b,
    0x88, 0x7b, 0x30, 0xd, 0xac, 0x9, 0x98, 0x60,
    0xc0, 0x8, 0xb8, 0x0, 0xa4, 0x12, 0x58, 0x16,
    0x64, 0x81, 0x22, 0xa, 0x80, 0x1b, 0xba, 0xd1,
    0x21, 0x4e, 0xec, 0x20, 0x1f, 0x8, 0xca, 0x30,
    0xc8, 0xa2, 0x30, 0x7, 0xf9, 0x20, 0xd6, 0x46,
    0x8c, 0x3, 0xfe, 0x6b, 0x2d, 0x1, 0xd1, 0xc6,
    0x0, 0xa6, 0x60, 0x10, 0xb9, 0x3c, 0x10, 0x1,
    0xe0, 0xce, 0x80, 0x5, 0x85, 0x80, 0x1b, 0x18,
    0x20, 0x18, 0xfd, 0x94, 0x0,

    /* U+636E "据" */
    0x0, 0x9f, 0xc4, 0x7, 0xff, 0xfc, 0x20, 0x1f,
    0xcb, 0x33, 0xe5, 0x0, 0x88, 0x9c, 0x4, 0x20,
    0xc, 0x66, 0xf6, 0x0, 0x59, 0xac, 0x19, 0x60,
    0x1f, 0xfc, 0x16, 0x61, 0x82, 0xe0, 0x2, 0x7f,
    0xfd, 0x20, 0x14, 0x4d, 0x85, 0xb0, 0x1, 0xa6,
    0x60, 0x49, 0x98, 0x40, 0x3f, 0xbd, 0x9a, 0x12,
    0x66, 0x80, 0x3e, 0x30, 0x6, 0x3b, 0xc2, 0xae,
    0xf2, 0x80, 0x76, 0x60, 0x81, 0x62, 0x20, 0x38,
    0x8a, 0x41, 0x26, 0x40, 0xa, 0x0, 0x57, 0xfc,
    0x2d, 0xff, 0x60, 0x4b, 0x0, 0x31, 0x5c, 0x4,
    0x3, 0xfd, 0xdc, 0x90, 0x8, 0x80, 0x1f, 0xf0,
    0xb7, 0xfc, 0x0, 0x31, 0x0, 0xdc, 0xc, 0xb,
    0x11, 0x90, 0x3, 0xf9, 0x4, 0xc3, 0xdd, 0xf6,
    0x0, 0x7f, 0x1a, 0x80, 0x7f, 0xf1, 0x10, 0x30,
    0x1, 0x5f, 0xfa, 0x0, 0x2a, 0x99, 0x0, 0xe0,
    0x28, 0x1, 0x62, 0x32, 0x0, 0x5a, 0xc2, 0xe1,
    0x10, 0x20, 0x7, 0xbb, 0xec, 0x0, 0x0,

    /* U+63A5 "接" */
    0x0, 0xff, 0xe5, 0x4f, 0x80, 0x7d, 0x72, 0x1,
    0xff, 0xc1, 0x33, 0xcc, 0xc3, 0x3c, 0x20, 0x1f,
    0xe, 0x66, 0x20, 0xcc, 0xd0, 0x17, 0xec, 0x1f,
    0xe0, 0xdd, 0x4e, 0xee, 0x9b, 0xd8, 0xd, 0x73,
    0x7, 0x70, 0x92, 0x4b, 0x11, 0xe, 0x60, 0x84,
    0x1a, 0x14, 0x22, 0x0, 0x6, 0x1f, 0x0, 0x30,
    0x40, 0x7, 0xf4, 0x7f, 0x85, 0x3f, 0xd0, 0x17,
    0xfc, 0x1, 0xf6, 0x44, 0x7f, 0xc0, 0x1c, 0xd6,
    0x8e, 0xf6, 0x53, 0xbf, 0x30, 0x0, 0xd4, 0x25,
    0xd1, 0x54, 0xc8, 0x2a, 0xbc, 0x81, 0xb8, 0x61,
    0x79, 0x55, 0x48, 0x1d, 0x57, 0x81, 0x19, 0x1,
    0x3, 0xfb, 0x1, 0xbb, 0xa3, 0x1e, 0xf0, 0x99,
    0x10, 0x4, 0x22, 0x81, 0x91, 0x11, 0x99, 0x84,
    0x40, 0x1f, 0x8d, 0x6, 0x4c, 0x24, 0x24, 0x3,
    0xfc, 0x7d, 0xf, 0x9c, 0x90, 0x20, 0x1f, 0xf0,
    0xbd, 0x8, 0x82, 0x60, 0x40, 0xf, 0x28, 0x20,
    0x13, 0x5f, 0x58, 0x46, 0x2b, 0xf2, 0x1, 0x39,
    0x30, 0x4, 0x4c, 0xf5, 0xce, 0x77, 0x8a, 0x80,

    /* U+63A7 "控" */
    0x0, 0x9f, 0xc4, 0x3, 0x87, 0x20, 0x3, 0xff,
    0x88, 0x22, 0x60, 0xf, 0xfe, 0x3, 0x7f, 0xe2,
    0x1f, 0xfd, 0x61, 0xbf, 0x1, 0xd2, 0x0, 0x8a,
    0xaf, 0x89, 0xc2, 0x9c, 0xc1, 0xb0, 0x0, 0xab,
    0xf8, 0x40, 0xf, 0x16, 0x10, 0xa6, 0x40, 0x76,
    0x41, 0x54, 0xb, 0xb0, 0x7, 0xcb, 0xa1, 0xaa,
    0x60, 0x4b, 0x8c, 0xe0, 0x1e, 0x30, 0x3c, 0x1a,
    0x10, 0x89, 0x3d, 0x10, 0xe, 0xdc, 0x2c, 0xc,
    0x40, 0x9, 0xa0, 0x80, 0x5, 0x12, 0x5, 0x25,
    0x7e, 0x60, 0x1c, 0xfe, 0x21, 0x8e, 0x21, 0x8c,
    0x0, 0x67, 0x7f, 0xc0, 0x8, 0xa7, 0x3, 0x0,
    0x6c, 0x47, 0xeb, 0x0, 0x32, 0xf8, 0x6, 0x9f,
    0xf9, 0x47, 0xfe, 0xd0, 0xf, 0xff, 0x7b, 0x44,
    0x80, 0x81, 0xb3, 0x70, 0xb3, 0x65, 0xe, 0x61,
    0x60, 0x5, 0x4c, 0xe3, 0x9, 0x9d, 0x60,

    /* U+641C "搜" */
    0x0, 0xbe, 0x0, 0x31, 0xb9, 0x7a, 0x80, 0x7f,
    0xf0, 0x57, 0xb2, 0x9c, 0xf, 0xfe, 0x80, 0xf,
    0xe3, 0x1c, 0xd7, 0x3, 0x88, 0x0, 0x80, 0x5b,
    0xe0, 0xfe, 0xc0, 0x2, 0x0, 0xce, 0xe1, 0x0,
    0xd6, 0xe0, 0x6e, 0xa0, 0xe, 0xf6, 0x3, 0xff,
    0x8, 0x6, 0x68, 0x4, 0x83, 0x0, 0x4c, 0x9c,
    0xe, 0x64, 0x1, 0xff, 0xc1, 0x76, 0x10, 0x3,
    0x30, 0x40, 0x3f, 0x10, 0x5, 0xdf, 0xa1, 0x5f,
    0xe1, 0x0, 0xf9, 0x74, 0xd6, 0x22, 0x70, 0x58,
    0x8b, 0x40, 0x21, 0x90, 0x26, 0x33, 0x3b, 0xd4,
    0x1e, 0xef, 0x20, 0x5, 0xcc, 0xf, 0x20, 0xbf,
    0xf6, 0x85, 0x7f, 0xd2, 0x1, 0x3d, 0x80, 0x67,
    0x88, 0xf9, 0x3, 0xc0, 0x28, 0x40, 0xc, 0x43,
    0x4c, 0xef, 0x2a, 0x13, 0x0, 0x7f, 0x94, 0xb0,
    0x40, 0xb0, 0x38, 0x3, 0xfe, 0x3a, 0x2f, 0x7c,
    0x1b, 0x30, 0xf, 0xfe, 0x2, 0x28, 0xc0, 0xba,
    0x0, 0x73, 0x40, 0x78, 0x25, 0x6f, 0x29, 0x30,
    0xbf, 0xe5, 0x40, 0x0, 0x5c, 0x50, 0x19, 0x45,
    0xf3, 0x67, 0xa9, 0x45, 0x54, 0x0, 0x7f, 0xe3,
    0x2, 0xfc, 0x83, 0x0, 0x96, 0xb7, 0xf4, 0x0,

    /* U+64AD "播" */
    0x0, 0xfe, 0x12, 0x21, 0xab, 0xcd, 0xc8, 0x7,
    0x7c, 0x0, 0x1f, 0xfb, 0x75, 0x95, 0x8, 0x1,
    0xff, 0x35, 0x4d, 0xe0, 0x3f, 0xe6, 0xc0, 0x4,
    0x68, 0x4, 0x82, 0x20, 0x84, 0x30, 0xf0, 0x69,
    0x20, 0xb, 0xac, 0x16, 0xdc, 0x4, 0x4a, 0x1,
    0xa8, 0xcc, 0x1, 0x5b, 0x81, 0xba, 0xf5, 0x85,
    0x78, 0x47, 0x91, 0xfd, 0x0, 0x1a, 0x1, 0x20,
    0xe2, 0x24, 0x0, 0xcf, 0x10, 0xf0, 0xf, 0xcc,
    0xce, 0x4a, 0x7, 0x36, 0x17, 0x50, 0xe, 0x18,
    0x39, 0xe6, 0xb5, 0xf, 0xc4, 0x9e, 0x80, 0x8,
    0x81, 0x9c, 0x11, 0x79, 0x1, 0xd0, 0x2a, 0x80,
    0x80, 0x4, 0xc0, 0x5, 0x9f, 0xf2, 0xa2, 0x31,
    0xd1, 0x3, 0x5c, 0x0, 0xb1, 0x7, 0x40, 0x6b,
    0xbf, 0xf1, 0x0, 0x1a, 0x80, 0x3d, 0x9f, 0xe0,
    0x9f, 0xf4, 0x0, 0x69, 0x50, 0xf, 0x31, 0x98,
    0x38, 0xcd, 0xc0, 0x1f, 0xfc, 0xa, 0xcc, 0x3,
    0xe6, 0x18, 0x3, 0xff, 0x81, 0x9f, 0xe0, 0x9f,
    0xf4, 0x0, 0x7f, 0xf0, 0x11, 0x98, 0x18, 0xcc,
    0xd0, 0xc, 0xf0, 0x1e, 0x1, 0xa2, 0x64, 0xb,
    0x32, 0x50, 0xe, 0x71, 0x40, 0xd, 0x9f, 0xfe,
    0x80, 0x8,

    /* U+6570 "数" */
    0x0, 0xff, 0xe5, 0x39, 0x6, 0x50, 0x2b, 0x0,
    0x2e, 0x80, 0x3f, 0x5c, 0x0, 0x47, 0x5e, 0x0,
    0x40, 0xf, 0xe9, 0x30, 0x8, 0xde, 0x40, 0xc3,
    0x0, 0x3e, 0xbb, 0x3f, 0x1a, 0xf3, 0x73, 0x20,
    0x4f, 0xfe, 0x90, 0x7, 0x4c, 0x8c, 0xe, 0x66,
    0x5b, 0x17, 0x78, 0xb, 0x0, 0xa, 0xe2, 0x40,
    0xc6, 0xe, 0x46, 0xf1, 0x10, 0x22, 0x80, 0x4f,
    0x2e, 0x60, 0x8, 0x46, 0xf, 0x0, 0x10, 0x70,
    0x5, 0x30, 0xb0, 0x0, 0x46, 0xa, 0xd, 0x0,
    0x20, 0x10, 0x5, 0x71, 0x45, 0x70, 0x12, 0x4,
    0x8, 0x41, 0xe0, 0x80, 0x10, 0x9a, 0x74, 0xb2,
    0x21, 0x96, 0xc2, 0xc1, 0xc8, 0x40, 0x2d, 0xbb,
    0x18, 0xdd, 0xc3, 0x48, 0x6c, 0xc1, 0x50, 0xd,
    0xfc, 0x29, 0xdc, 0x41, 0x20, 0x7, 0x84, 0x85,
    0x0, 0x61, 0x81, 0x91, 0x54, 0x91, 0x0, 0x1a,
    0x2, 0x90, 0x6, 0x14, 0xe, 0x5a, 0x37, 0x0,
    0x8d, 0x1, 0x8, 0x3, 0xe, 0xc9, 0x50, 0xc0,
    0x4, 0x5a, 0xc, 0x3e, 0x20, 0x18, 0x78, 0x48,
    0x2e, 0x1, 0x30, 0x66, 0x62, 0xf3, 0x0, 0x57,
    0x3b, 0xb7, 0x91, 0xda, 0xc6, 0x58, 0x1a, 0x7,
    0x80, 0x7, 0x1d, 0x0, 0x37, 0xac, 0xcc, 0x60,
    0x9, 0xe7, 0x80,

    /* U+65AD "断" */
    0x0, 0xff, 0xe1, 0x92, 0x98, 0x2f, 0x9b, 0x7,
    0x38, 0x5a, 0x9c, 0x4e, 0x76, 0xd4, 0x0, 0x4d,
    0x20, 0x11, 0x21, 0xd3, 0xb8, 0x1e, 0x76, 0xc0,
    0x27, 0x25, 0x0, 0x28, 0x38, 0xf, 0x64, 0xb1,
    0x0, 0x72, 0x78, 0x2, 0x94, 0x40, 0x3f, 0xf8,
    0x1b, 0xa0, 0xf6, 0xe0, 0xf, 0xfe, 0x3, 0x1,
    0x89, 0x78, 0x8, 0x7, 0xfd, 0xd7, 0x60, 0x5b,
    0xb3, 0x80, 0xff, 0xf8, 0x40, 0x11, 0xd0, 0xf,
    0xdc, 0x60, 0x4, 0xc9, 0xc2, 0x24, 0x40, 0x21,
    0xa0, 0x75, 0x10, 0x0, 0xb3, 0x30, 0x19, 0x80,
    0x19, 0xc, 0x1, 0x68, 0x6, 0x60, 0xf, 0xf4,
    0xc8, 0x5c, 0xac, 0x84, 0x40, 0x1f, 0xd2, 0x6c,
    0x1f, 0x84, 0x6c, 0xe0, 0x1f, 0xe8, 0x10, 0x0,
    0xe8, 0x90, 0x80, 0x7f, 0x4b, 0x0, 0x71, 0x6,
    0x80, 0x7f, 0xf0, 0x10, 0x80, 0xa, 0x6, 0x1,
    0xfd, 0xbf, 0xe5, 0xaf, 0x2a, 0x4, 0x0, 0xf9,
    0xe2, 0x3e, 0x52, 0x60, 0xf, 0xc4, 0xef, 0xf3,
    0x1c, 0x0, 0x7f, 0xf1, 0x7, 0x4, 0x2, 0x4f,
    0x10, 0x0,

    /* U+65B0 "新" */
    0x0, 0xe1, 0x0, 0xff, 0xe2, 0xd7, 0x80, 0x7f,
    0x1b, 0x50, 0x81, 0x33, 0x34, 0x69, 0x9a, 0x9,
    0xce, 0xfc, 0x96, 0x40, 0x49, 0x94, 0x2, 0xcc,
    0xc4, 0xe2, 0xd5, 0x9f, 0x8a, 0xd, 0xc1, 0x5f,
    0xe6, 0xe, 0x20, 0x48, 0x53, 0x0, 0xe1, 0x3f,
    0x0, 0x3a, 0x88, 0x7, 0xff, 0x2, 0xd4, 0x14,
    0x60, 0x3, 0xfe, 0xef, 0x80, 0xfa, 0xd, 0xf4,
    0x6, 0xee, 0xea, 0xb, 0x99, 0x81, 0x66, 0x65,
    0x13, 0x99, 0x28, 0xcf, 0x82, 0xb3, 0x1c, 0x35,
    0x9a, 0x10, 0x47, 0x76, 0x3, 0xa8, 0x1b, 0x34,
    0x18, 0xcc, 0x50, 0x7, 0x80, 0x7c, 0x91, 0x9,
    0x4, 0x88, 0x78, 0x7, 0xf9, 0xfb, 0x9e, 0x11,
    0xdc, 0xa2, 0x1, 0x0, 0xfc, 0xfc, 0x60, 0xb,
    0x90, 0x10, 0x20, 0xf, 0x86, 0x10, 0xc0, 0x1c,
    0xca, 0xa0, 0x60, 0xf, 0xb4, 0x6c, 0x2, 0x54,
    0xcd, 0x12, 0x0, 0xf0, 0x85, 0x8, 0x6, 0xb8,
    0x47, 0x0, 0xf8, 0x71, 0x62, 0x40, 0x40, 0x10,
    0x14, 0x1, 0xfc, 0x28, 0xe4, 0x80, 0xa, 0x73,
    0x0, 0x89, 0x0, 0x0,

    /* U+65E0 "无" */
    0x0, 0x77, 0xff, 0xff, 0x9, 0xc0, 0x28, 0x8f,
    0x28, 0x34, 0x47, 0x90, 0x2, 0x67, 0x7e, 0xc0,
    0xa7, 0x7f, 0x18, 0x7, 0xf0, 0x80, 0x80, 0x7f,
    0xf1, 0x3c, 0xc, 0x3, 0xff, 0x88, 0x40, 0x20,
    0x1f, 0xc8, 0xcd, 0xe7, 0x16, 0x6f, 0xc4, 0x13,
    0x3f, 0x10, 0xcc, 0xfe, 0x40, 0xce, 0xee, 0x90,
    0x83, 0x2e, 0xef, 0x30, 0x8, 0xfb, 0xc1, 0x40,
    0x2, 0x3e, 0x0, 0xfc, 0xc4, 0x40, 0xf, 0xfe,
    0x1c, 0x5, 0x80, 0x7f, 0xf0, 0xc9, 0xc9, 0x80,
    0x3f, 0xf8, 0x43, 0xe1, 0xc0, 0x1f, 0xc2, 0x1,
    0xda, 0x50, 0x60, 0x1f, 0xdd, 0x0, 0x1, 0xc3,
    0x77, 0x0, 0x7f, 0x10, 0x4, 0x9e, 0x71, 0x0,
    0xc, 0xe5, 0x2f, 0x13, 0xe1, 0x81, 0x1, 0x4e,
    0x1, 0xde, 0x4d, 0xe, 0xe1, 0x74, 0xd, 0xf5,
    0x0, 0xf2, 0x6f, 0xfd, 0xd9, 0x0,

    /* U+65F6 "时" */
    0x0, 0xff, 0xe1, 0x7c, 0x80, 0xd, 0xdf, 0x98,
    0x3, 0xfe, 0xb8, 0x8f, 0x0, 0x7f, 0xf0, 0x7f,
    0xe6, 0x0, 0x8, 0xf8, 0x0, 0x22, 0x0, 0xf9,
    0xbb, 0xbc, 0xd, 0xde, 0x1, 0xf2, 0x4c, 0xf8,
    0x12, 0x6c, 0x0, 0x23, 0x0, 0x9, 0x9d, 0x9b,
    0x1, 0x32, 0x80, 0x3b, 0xa6, 0x0, 0x27, 0x28,
    0x7, 0xf5, 0x54, 0x80, 0x4, 0x18, 0x0, 0xfe,
    0x55, 0x88, 0x2, 0x82, 0x50, 0xf, 0xfe, 0x1b,
    0x4, 0x80, 0x7f, 0xf1, 0x18, 0xcc, 0x1, 0xf2,
    0xac, 0x40, 0x1a, 0xa8, 0x60, 0x1f, 0x55, 0x48,
    0x1, 0x8d, 0x40, 0x3f, 0x7f, 0xcc, 0x1, 0xff,
    0xc5, 0xab, 0x0, 0xfc, 0x20, 0x8, 0xf0, 0x8,
    0xd4, 0x3, 0x6d, 0x50, 0x3c, 0x3, 0xff, 0x82,
    0xe8, 0xa4, 0xa0, 0x0,

    /* U+6682 "暂" */
    0x0, 0x90, 0xc0, 0x3f, 0xf8, 0x97, 0x20, 0x1f,
    0x12, 0x3d, 0x38, 0x4f, 0x70, 0x17, 0xbb, 0x17,
    0x7e, 0xdc, 0x3f, 0x5, 0x40, 0xa5, 0x5d, 0xe2,
    0x5, 0xcd, 0xfd, 0x90, 0x3f, 0x9, 0x3b, 0x55,
    0x80, 0x1a, 0x64, 0x1, 0x91, 0x8d, 0xbc, 0x51,
    0x6, 0x3, 0x3b, 0xbc, 0xae, 0x7, 0x6c, 0x17,
    0x68, 0x0, 0x12, 0x20, 0x81, 0x18, 0xff, 0xe8,
    0xf, 0xf5, 0x90, 0x4c, 0xc0, 0x92, 0x64, 0x8c,
    0xf8, 0x19, 0xdf, 0x40, 0xe0, 0x1e, 0x9b, 0x99,
    0x28, 0x24, 0x5b, 0x11, 0x0, 0x3d, 0x5d, 0xfd,
    0x21, 0xd, 0x83, 0xc0, 0x1f, 0x8, 0x91, 0x5,
    0x48, 0x8c, 0x87, 0x44, 0xaa, 0x80, 0x1a, 0xed,
    0x54, 0xbb, 0xa2, 0xef, 0x54, 0x80, 0x74, 0xff,
    0xff, 0x88, 0x3, 0xd3, 0xff, 0xfe, 0x20, 0xf,
    0x35, 0xdf, 0xf8, 0x40, 0x3c, 0x2e, 0xff, 0xe3,
    0x0, 0xf3, 0xe6, 0x7f, 0x88, 0x3, 0xd3, 0xff,
    0xfe, 0x20, 0x8,

    /* U+670D "服" */
    0x0, 0x4f, 0xff, 0x40, 0x7f, 0xfe, 0x0, 0xf4,
    0xcc, 0x1, 0x92, 0x67, 0x18, 0x80, 0x79, 0x9a,
    0x0, 0xc4, 0xcd, 0xc6, 0x1, 0xff, 0xc6, 0x11,
    0x0, 0x78, 0x88, 0x60, 0x1f, 0x29, 0xab, 0x0,
    0x7b, 0x75, 0x80, 0x1f, 0x56, 0xf, 0x0, 0x7b,
    0x75, 0x80, 0x1f, 0x6d, 0xea, 0x0, 0x78, 0x88,
    0x60, 0x19, 0x26, 0x57, 0xb7, 0x2a, 0x1, 0xff,
    0xc1, 0x22, 0xca, 0xc4, 0x1, 0x18, 0x7f, 0xc0,
    0x19, 0x2b, 0xee, 0xd0, 0x6, 0x1, 0x86, 0x66,
    0x0, 0xeb, 0x90, 0x6, 0x2, 0x80, 0x4c, 0x4c,
    0xd0, 0x7, 0x71, 0x20, 0x21, 0x8, 0x4, 0x4e,
    0x1, 0xf9, 0xa, 0x50, 0xec, 0x2, 0x11, 0x18,
    0x7, 0xf4, 0x95, 0xb, 0x0, 0x48, 0x1c, 0x1,
    0xfc, 0x86, 0x2c, 0x1, 0xb0, 0x10, 0x3, 0xf9,
    0xc, 0x1d, 0x0, 0x27, 0x12, 0x47, 0x90, 0xe0,
    0x9, 0xec, 0xac, 0x6e, 0x0, 0xa, 0x80, 0x8,
    0x63, 0x70, 0xb, 0x13, 0x13, 0xcc, 0x40, 0x17,
    0x40, 0x9f, 0xec, 0x10, 0xd8, 0xbb, 0x8, 0xe,
    0x48, 0x0,

    /* U+672A "未" */
    0x0, 0xfe, 0xdb, 0x0, 0xff, 0xe9, 0x19, 0xfc,
    0xe6, 0x7e, 0x0, 0xc7, 0x99, 0xe1, 0x3c, 0xcf,
    0x18, 0x4, 0x77, 0x7e, 0x13, 0xbb, 0xf1, 0x80,
    0x64, 0x4f, 0x1b, 0xa2, 0x78, 0x3, 0xff, 0x94,
    0x7f, 0xff, 0x12, 0x7f, 0xfb, 0x80, 0x4, 0xef,
    0xcc, 0x1, 0x9d, 0xf9, 0x80, 0x3, 0x11, 0xc6,
    0x1, 0xba, 0x23, 0x80, 0x3e, 0x55, 0x41, 0x22,
    0xc9, 0x80, 0x7f, 0x92, 0x8d, 0xc0, 0x16, 0x3a,
    0x60, 0x1f, 0x96, 0xcb, 0x40, 0x21, 0xc0, 0xd4,
    0x0, 0xf3, 0xd0, 0xf8, 0x80, 0x62, 0xd1, 0xb7,
    0x0, 0x8b, 0x20, 0xfc, 0x80, 0x3c, 0x7a, 0x51,
    0xaa, 0x1e, 0x6d, 0x82, 0x1, 0xf8, 0xb1, 0x4b,
    0x82, 0x6e, 0x40, 0x3f, 0xe1, 0xab, 0x80, 0x44,
    0x0, 0x7f, 0xf0, 0x90, 0xc0,

    /* U+6A21 "模" */
    0x0, 0x9b, 0xc4, 0x3, 0x56, 0x80, 0x1f, 0xc0,
    0x3f, 0xc6, 0xef, 0x1b, 0xbb, 0x1, 0xdc, 0xa0,
    0x1f, 0x2c, 0x40, 0x86, 0x20, 0x81, 0x10, 0xe0,
    0x78, 0xd0, 0x88, 0x2f, 0xf9, 0x4b, 0xfd, 0x1,
    0xfe, 0xb0, 0xd4, 0x50, 0x54, 0x67, 0xf5, 0x2f,
    0xf4, 0x7, 0xe0, 0x2, 0xb1, 0x43, 0xb1, 0x40,
    0x13, 0x3e, 0x31, 0x0, 0xca, 0x12, 0x1, 0x95,
    0x7c, 0xe0, 0x18, 0xc4, 0x12, 0x0, 0x2c, 0xcf,
    0x20, 0x6, 0xb0, 0x2, 0xb9, 0x80, 0x3f, 0xfc,
    0xa0, 0x19, 0x88, 0x20, 0x54, 0x1, 0xff, 0xe5,
    0x0, 0x98, 0x68, 0xe, 0x99, 0x66, 0x62, 0x19,
    0x9a, 0x0, 0x10, 0xa2, 0x0, 0x40, 0x26, 0x68,
    0x11, 0x9a, 0x50, 0x51, 0x80, 0xc, 0xff, 0xf8,
    0x97, 0xff, 0x62, 0xd9, 0x0, 0x64, 0x99, 0x8c,
    0x0, 0x53, 0x38, 0x10, 0x3, 0x8d, 0x98, 0xa6,
    0xb0, 0x40, 0xcc, 0x50, 0xf, 0xe7, 0xc1, 0xb7,
    0x49, 0xa2, 0x0, 0xfd, 0x3f, 0x7, 0x82, 0x16,
    0xcb, 0xb6, 0x1, 0xf0, 0xad, 0x61, 0x0, 0x53,
    0x69, 0xa0,

    /* U+6B63 "正" */
    0xf, 0xff, 0xfe, 0x22, 0x84, 0x47, 0xcc, 0xb,
    0x11, 0xe7, 0x7, 0x7f, 0xa8, 0x3d, 0xdf, 0xc4,
    0x1, 0xff, 0xed, 0xa5, 0x0, 0xff, 0xe2, 0x2e,
    0x80, 0x76, 0x3b, 0xf2, 0x80, 0x7f, 0xcd, 0x11,
    0xe0, 0xf, 0xfa, 0xbf, 0xfb, 0x40, 0x3f, 0xff,
    0xe0, 0x1f, 0xfd, 0x67, 0x78, 0x11, 0xde, 0xa0,
    0xf7, 0x7f, 0xa2, 0x20, 0x38, 0x89, 0x81, 0x62,
    0x3e,

    /* U+6C42 "求" */
    0x0, 0xff, 0xe7, 0xd7, 0x0, 0x23, 0x94, 0x3,
    0xff, 0x89, 0x2f, 0x52, 0x1, 0x91, 0x3e, 0x60,
    0x44, 0x2e, 0xc7, 0xa1, 0x0, 0xdd, 0xfc, 0x63,
    0x77, 0xa2, 0x6e, 0xc0, 0x39, 0x9f, 0x20, 0x2e,
    0x67, 0xa0, 0x0, 0x6d, 0x6, 0x78, 0x41, 0xcc,
    0xe6, 0xa2, 0x10, 0xb, 0x52, 0x40, 0x38, 0x88,
    0x0, 0x86, 0x30, 0xd, 0x6, 0xc8, 0x1, 0xd6,
    0x10, 0x4e, 0x40, 0x1d, 0xc1, 0x20, 0x10, 0xb3,
    0x15, 0xce, 0x0, 0x3c, 0x4f, 0x40, 0xea, 0x16,
    0x14, 0x3c, 0x1, 0xfa, 0x17, 0x20, 0x0, 0x4a,
    0x10, 0x40, 0x1f, 0xa3, 0x4e, 0x94, 0x1, 0x63,
    0x2, 0x1, 0xe6, 0xe7, 0x3d, 0x50, 0x8, 0x6c,
    0x70, 0x40, 0x24, 0xd9, 0x17, 0xc2, 0x0, 0xe5,
    0x82, 0xf3, 0x0, 0x19, 0x2f, 0x40, 0x7, 0xe7,
    0x81, 0xc9, 0x16, 0xca, 0x10, 0xf, 0xf3, 0xd0,
    0xb0, 0x9, 0x80, 0x7, 0x6a, 0x50, 0xc0, 0x39,
    0x7e, 0xc4, 0x3, 0xb, 0x23, 0xd, 0x80, 0x78,
    0x50, 0x0,

    /* U+6D88 "消" */
    0x0, 0x3b, 0x0, 0x44, 0xa0, 0x1, 0xf6, 0x0,
    0x2a, 0x80, 0x2b, 0x9b, 0x10, 0x8a, 0x50, 0xe,
    0x1a, 0xf0, 0xb, 0x1d, 0x28, 0x28, 0xe8, 0x80,
    0x36, 0x8d, 0x80, 0x68, 0xa9, 0x0, 0x6b, 0x10,
    0x4, 0x2d, 0x42, 0x1, 0xca, 0x40, 0x4f, 0xec,
    0xc0, 0xf7, 0xc2, 0x60, 0x4, 0x61, 0x0, 0x4b,
    0x33, 0x40, 0x34, 0xce, 0x10, 0xd2, 0xd7, 0x0,
    0x87, 0xff, 0xea, 0x0, 0x97, 0xd0, 0x80, 0x3f,
    0xf8, 0x83, 0x6a, 0x1, 0xf, 0xff, 0xd4, 0x1,
    0xff, 0x44, 0x7c, 0xa0, 0x1c, 0xd8, 0x1, 0xb,
    0xbf, 0xde, 0x1, 0xd4, 0x40, 0x10, 0x99, 0xfc,
    0x40, 0x18, 0x8d, 0xc0, 0x36, 0x67, 0xd0, 0x1,
    0xa8, 0x34, 0x2, 0x1c, 0xcf, 0xa0, 0x3, 0x30,
    0xa0, 0x6, 0x33, 0xf8, 0x80, 0x27, 0x16, 0x0,
    0xff, 0xe2, 0x48, 0x48, 0x7, 0xf3, 0x44, 0x24,
    0x4, 0x2d, 0x84, 0x3, 0xfc, 0xce, 0x50, 0x0,

    /* U+70B9 "点" */
    0x0, 0xf8, 0x7d, 0xc0, 0x3f, 0xf8, 0xbe, 0x23,
    0xf0, 0x7, 0xf9, 0xfb, 0xbe, 0x20, 0xf, 0xe4,
    0x99, 0xf8, 0x80, 0x3f, 0xb1, 0x9b, 0xe0, 0xf,
    0xfe, 0x4f, 0xff, 0x70, 0x47, 0xff, 0x70, 0x7,
    0x1c, 0x47, 0xf8, 0x80, 0x3c, 0xae, 0xff, 0xf0,
    0x7, 0xff, 0x30, 0x8c, 0xff, 0xc2, 0x1, 0xe4,
    0xcc, 0xff, 0x20, 0x7, 0x65, 0xdf, 0xff, 0x2,
    0x80, 0x34, 0x2, 0x31, 0x22, 0x46, 0x8, 0x82,
    0xa2, 0x0, 0x3a, 0x10, 0x5c, 0xa8, 0x2, 0x68,
    0x0, 0xa3, 0xc0, 0x50, 0x4c, 0x10, 0x12, 0x0,
    0x81, 0x70, 0x36, 0x34, 0x80, 0x90, 0x0, 0x99,
    0x84, 0x18, 0x68, 0x1, 0x1, 0x17, 0x28, 0x1,
    0x45, 0x8, 0x3, 0x74, 0x0, 0x19, 0xe0,

    /* U+70ED "热" */
    0x0, 0xc2, 0x1, 0xff, 0xc5, 0xcf, 0x0, 0xeb,
    0xc0, 0xf, 0xfe, 0xb6, 0x61, 0xf, 0x32, 0x40,
    0xa, 0xbf, 0xc6, 0x3f, 0xc0, 0xcc, 0x11, 0x33,
    0xc, 0x40, 0x29, 0xaa, 0x10, 0xd5, 0x85, 0x50,
    0x96, 0xa8, 0x1, 0xc6, 0xaa, 0x10, 0x55, 0xd,
    0x98, 0x80, 0x7f, 0xf0, 0x4d, 0xcd, 0xb0, 0x88,
    0x1, 0xf8, 0xdc, 0x87, 0x2c, 0xb1, 0x40, 0x80,
    0x3e, 0xcc, 0x40, 0x8b, 0x70, 0x7, 0xc1, 0x28,
    0x40, 0x3a, 0x2b, 0x8c, 0x8, 0x2, 0xe0, 0x75,
    0x50, 0x19, 0x61, 0x22, 0x88, 0x7, 0x1a, 0x34,
    0x62, 0x0, 0xb1, 0x98, 0x15, 0x88, 0xc0, 0x2e,
    0xb, 0x3, 0x2, 0xce, 0x11, 0x7, 0xc8, 0xd0,
    0x2, 0x4a, 0x48, 0x2, 0xa4, 0x56, 0x0, 0x5e,
    0x73, 0x80, 0x22, 0x98, 0x3, 0x3c, 0xd4, 0x0,
    0x5a, 0xe0, 0x54, 0x8a, 0x13, 0x60, 0x1, 0xa0,
    0xd, 0x42, 0x40, 0x49, 0x0, 0xe, 0x44, 0x0,
    0x8a, 0x8c, 0x25, 0x19, 0x0, 0xe, 0x46, 0xe,
    0x10, 0x0, 0xf0, 0xe0, 0xb5, 0x90, 0xb, 0x54,
    0x2, 0x7b, 0x0, 0x14, 0x28, 0x0,

    /* U+7406 "理" */
    0x0, 0xf8, 0x48, 0xbf, 0x80, 0x19, 0xff, 0xc3,
    0xbb, 0xfe, 0x0, 0x4c, 0x18, 0x44, 0x4, 0xe,
    0xa8, 0x63, 0x54, 0x60, 0x9, 0x5d, 0x45, 0xdc,
    0x0, 0x75, 0x53, 0x2, 0xab, 0x80, 0x3f, 0xfa,
    0x4c, 0xee, 0x61, 0x77, 0x60, 0x7, 0xfc, 0x51,
    0x3, 0x8, 0x82, 0x0, 0x42, 0x66, 0x3, 0x20,
    0x2, 0x7f, 0x94, 0x7f, 0xd0, 0x1, 0x4e, 0x28,
    0xe7, 0x0, 0x7f, 0xf0, 0x67, 0x58, 0x77, 0x40,
    0x4, 0xff, 0x28, 0xff, 0xa0, 0x2, 0x12, 0x0,
    0x10, 0x85, 0x3b, 0xc4, 0xe, 0xf8, 0x3, 0xf9,
    0xa2, 0x27, 0x18, 0x8c, 0x1, 0xfe, 0x11, 0x80,
    0x2, 0x38, 0x3, 0xc7, 0x21, 0x9d, 0xd2, 0x8f,
    0x76, 0x0, 0x84, 0x87, 0x1c, 0x26, 0x71, 0x84,
    0xce, 0x0, 0x4f, 0x20, 0x2f, 0x82, 0xb3, 0x61,
    0x66, 0xc0, 0x5, 0x5, 0xca, 0x10, 0xf, 0xfe,
    0xc, 0x6d, 0x18, 0x1, 0x9d, 0xf8, 0x5d, 0xf8,
    0x10, 0x80, 0x34, 0x47, 0x10, 0x44, 0x70, 0x80,

    /* U+7528 "用" */
    0x0, 0xbf, 0xff, 0xf8, 0x54, 0x1, 0x8e, 0x23,
    0x20, 0x3c, 0x46, 0x0, 0xf2, 0x3b, 0xec, 0x9,
    0x77, 0xc0, 0x1f, 0xfd, 0xe4, 0x88, 0xd6, 0x11,
    0x1c, 0x1, 0xe3, 0x77, 0xc6, 0xc, 0xef, 0x80,
    0x3c, 0xff, 0xfa, 0x3, 0xbf, 0xf0, 0x6, 0x10,
    0xf, 0xfe, 0x29, 0x87, 0x80, 0x7f, 0xf0, 0xd8,
    0x23, 0xff, 0x40, 0x77, 0xfe, 0x0, 0xc6, 0xa,
    0xef, 0x8c, 0x19, 0xdf, 0x0, 0x6c, 0x8, 0x8e,
    0xb0, 0x88, 0xe0, 0xc, 0x80, 0x40, 0x1f, 0xfc,
    0x26, 0x4, 0x0, 0xff, 0xe1, 0xd8, 0x68, 0x7,
    0xff, 0x4, 0xc0, 0x27, 0x0, 0xe7, 0xe1, 0x8,
    0x9a, 0x1, 0xf, 0x61, 0x0, 0xf0, 0x80, 0x4c,
    0xa5, 0x20, 0x52, 0x1, 0xfe, 0x8f, 0xf6, 0x88,

    /* U+7535 "电" */
    0x0, 0xf5, 0x70, 0x7, 0xff, 0x42, 0x23, 0xce,
    0x31, 0x1e, 0x40, 0x9, 0xdf, 0xc4, 0xe, 0xfe,
    0x30, 0xc, 0xdf, 0xf9, 0x47, 0xff, 0x70, 0x7,
    0xff, 0x30, 0xcf, 0x84, 0x46, 0x79, 0x40, 0x3c,
    0xb9, 0x99, 0x3, 0x33, 0x58, 0x7, 0x92, 0xef,
    0x20, 0x5d, 0xea, 0x0, 0xf1, 0x22, 0x61, 0x12,
    0x27, 0x0, 0x7f, 0xf3, 0x1b, 0xff, 0x28, 0xff,
    0xee, 0x0, 0xf1, 0xbb, 0xe2, 0x7, 0x7f, 0x18,
    0x4, 0x95, 0x11, 0x9c, 0x62, 0x3c, 0x82, 0x0,
    0xb6, 0x0, 0xff, 0xe0, 0xde, 0x0, 0x7e, 0x10,
    0xf, 0x9c, 0xc0, 0x3e, 0x20, 0xb8, 0x77, 0x44,
    0x2c, 0x94, 0x3, 0xe9, 0x45, 0x78, 0x83, 0xb3,
    0x16, 0xc0,

    /* U+754C "界" */
    0x0, 0xbf, 0xff, 0xf8, 0x3c, 0x1, 0xf1, 0xc4,
    0x60, 0x28, 0x8c, 0x40, 0x1f, 0x95, 0xdf, 0xb,
    0x3b, 0xf0, 0x7, 0xe3, 0x11, 0xc0, 0x1, 0x1c,
    0x1, 0xfc, 0xbd, 0xd8, 0x53, 0xbb, 0x28, 0x7,
    0xe3, 0x99, 0xc0, 0x53, 0x38, 0xc0, 0x3f, 0x2b,
    0x36, 0x16, 0x6f, 0x0, 0x7e, 0x48, 0x8c, 0x2d,
    0x11, 0x9c, 0x3, 0xe1, 0x27, 0x7c, 0x4, 0xef,
    0x88, 0x3, 0xee, 0xd3, 0x8, 0xff, 0xce, 0x7,
    0xbc, 0x1, 0xe6, 0xd3, 0x87, 0x0, 0xd1, 0x47,
    0xb0, 0x20, 0x13, 0x74, 0x8d, 0xfb, 0x80, 0x65,
    0xfd, 0x37, 0xe8, 0x0, 0x70, 0xb7, 0xa3, 0x68,
    0x6, 0xd5, 0x3c, 0x91, 0x0, 0xa3, 0xa4, 0x40,
    0x4c, 0x3, 0xf3, 0x74, 0x0, 0x42, 0x0, 0x50,
    0xc0, 0xf, 0xfe, 0x21, 0xd8, 0xa8, 0x7, 0xff,
    0x8, 0x67, 0x6, 0x80, 0x3f, 0xf8, 0x62, 0x47,
    0x88, 0x1, 0xff, 0xc4, 0xbc, 0x30, 0xf, 0x47,
    0x88, 0x7, 0x0,

    /* U+767D "白" */
    0x0, 0xf0, 0x80, 0x7f, 0xf0, 0xf3, 0x40, 0x3f,
    0xf8, 0x24, 0x44, 0x0, 0xfc, 0x91, 0x1b, 0x80,
    0xe2, 0x3e, 0x3, 0x77, 0xc6, 0xa, 0xef, 0xf0,
    0x80, 0x3b, 0xff, 0xfd, 0x0, 0x1f, 0xfe, 0x88,
    0x8f, 0xfa, 0xc0, 0x33, 0x3b, 0xff, 0x8c, 0x3,
    0x77, 0xff, 0xfa, 0x0, 0x3f, 0xfd, 0xa, 0x89,
    0xfe, 0xe0, 0xd, 0x77, 0xff, 0x30, 0x6, 0xbc,
    0xcf, 0xf3, 0x0, 0x42, 0xa6, 0x7f, 0xee, 0x0,
    0x0,

    /* U+76EE "目" */
    0xaf, 0xff, 0xfe, 0x4, 0x80, 0x22, 0x3f, 0xc0,
    0x10, 0xbb, 0xff, 0x80, 0x3f, 0xfa, 0x62, 0xef,
    0xfe, 0x0, 0xd1, 0x1f, 0xe0, 0x8, 0x7f, 0xff,
    0xc0, 0x1f, 0xfd, 0x31, 0xff, 0xff, 0x0, 0x68,
    0x8f, 0xf0, 0x4, 0x2e, 0xff, 0xe0, 0xf, 0xfe,
    0x28, 0xb3, 0x7f, 0x80, 0x34, 0xcf, 0xf8, 0x2,
    0x1e, 0xef, 0xf0, 0x6, 0x11, 0xff, 0x0, 0x0,

    /* U+77ED "短" */
    0x0, 0xff, 0xe5, 0xf, 0xa8, 0x7, 0xff, 0x15,
    0x41, 0xc0, 0x2b, 0xff, 0xfe, 0xb0, 0xb, 0x2,
    0xa2, 0x7, 0xd1, 0x1f, 0xdc, 0x1, 0x28, 0x3b,
    0xc8, 0xae, 0xff, 0xca, 0x0, 0x32, 0x20, 0x81,
    0x90, 0x7, 0xff, 0x6, 0x83, 0x9, 0x31, 0x42,
    0x23, 0xf3, 0x80, 0x4c, 0xa2, 0x2, 0x1, 0x3b,
    0xfe, 0x90, 0xa, 0xac, 0x4, 0xc0, 0x33, 0x7f,
    0xf2, 0x80, 0x61, 0x54, 0x33, 0x21, 0x80, 0x7f,
    0xf0, 0x6a, 0xec, 0x2b, 0x7e, 0x1, 0xff, 0xc1,
    0xfd, 0xb0, 0x8d, 0xd0, 0x1, 0xbf, 0xf9, 0x40,
    0x30, 0x90, 0x0, 0xc8, 0x41, 0xdf, 0xf4, 0x80,
    0x71, 0x87, 0x80, 0x51, 0x71, 0x1c, 0x8, 0x1,
    0xd8, 0x9, 0x20, 0xa, 0xd0, 0xc, 0x6f, 0x20,
    0x1c, 0x88, 0x56, 0x60, 0x48, 0xb8, 0x4, 0x81,
    0xc0, 0x19, 0x83, 0x6c, 0x64, 0xc, 0xd4, 0x1,
    0x50, 0xa0, 0x6, 0xb0, 0x61, 0xb6, 0x0, 0x7e,
    0x0, 0x10, 0xa4, 0x3, 0x41, 0x40, 0x1, 0x65,
    0xdc, 0x8c, 0xee, 0x80, 0xe7, 0x70, 0x1, 0xd,
    0xc0, 0x34, 0x47, 0x8c, 0x1a, 0x20, 0x21, 0x9a,
    0x1, 0xdf, 0xff, 0xf0, 0x80,

    /* U+786E "确" */
    0x0, 0xff, 0x8c, 0x3, 0xf0, 0x8f, 0xc0, 0x5,
    0xc6, 0x0, 0xfb, 0xfb, 0xbc, 0x81, 0x1, 0x3f,
    0xf2, 0x80, 0x57, 0x28, 0x13, 0x32, 0xb1, 0x2c,
    0x40, 0xc0, 0x40, 0x25, 0x67, 0x36, 0x68, 0xe4,
    0x69, 0xd8, 0xc9, 0x0, 0x38, 0xec, 0x2, 0xe0,
    0x57, 0x75, 0x3, 0xbc, 0x40, 0x5, 0x5, 0x0,
    0x39, 0x82, 0x44, 0x10, 0x16, 0x20, 0xe0, 0xe,
    0x22, 0x0, 0x1e, 0x42, 0x7e, 0xc3, 0x3f, 0x40,
    0x22, 0x43, 0xbb, 0x95, 0xc0, 0x21, 0x0, 0xfa,
    0xc0, 0x40, 0x50, 0x80, 0x13, 0xf4, 0x19, 0xfa,
    0x0, 0x26, 0x30, 0x8a, 0x0, 0xcd, 0x4e, 0x11,
    0x50, 0x0, 0x32, 0x80, 0xf, 0xbd, 0x70, 0x11,
    0x54, 0x0, 0x1d, 0x70, 0xe, 0x30, 0xf6, 0xc0,
    0xb6, 0x50, 0xf, 0xf3, 0x3, 0x4b, 0x83, 0xcc,
    0x0, 0x7f, 0x88, 0x37, 0xec, 0x33, 0xf4, 0x3,
    0xd9, 0xe0, 0xc, 0x12, 0x0, 0xff, 0xe0, 0x3c,
    0x80, 0x11, 0x0, 0x1f, 0xfc, 0x1b, 0x6d, 0x11,
    0x78, 0x7, 0x54, 0x0, 0x80, 0x4, 0x60, 0x21,
    0x25, 0x0, 0xf2, 0x92, 0x80, 0xb, 0x88, 0x0,
    0xfa, 0x1, 0x27, 0x9d, 0x7e, 0x88,

    /* U+79BB "离" */
    0x0, 0xfc, 0x20, 0x1f, 0xfc, 0x4d, 0xe2, 0x0,
    0xfc, 0xae, 0xff, 0x7, 0x3b, 0xfc, 0x53, 0x11,
    0xe5, 0x3, 0x88, 0xf9, 0xb3, 0xaf, 0xf9, 0x23,
    0x3f, 0xda, 0x8b, 0xfb, 0x9e, 0x80, 0xf6, 0x21,
    0x97, 0x9d, 0x9a, 0xf2, 0x15, 0xa0, 0x1e, 0x13,
    0x50, 0x13, 0x7, 0x70, 0x7, 0xf5, 0xd9, 0xdb,
    0x7e, 0x9e, 0xd4, 0x3, 0xe6, 0x35, 0x9e, 0x57,
    0x2b, 0x62, 0x30, 0xf, 0x43, 0xac, 0x47, 0x9a,
    0x10, 0xc0, 0x26, 0xff, 0xe8, 0x5e, 0xff, 0xed,
    0x0, 0x37, 0xff, 0xa1, 0x7b, 0xff, 0xe0, 0x9,
    0xe2, 0x22, 0x8, 0x89, 0xe2, 0x23, 0x0, 0xd4,
    0xee, 0x32, 0x67, 0x76, 0xba, 0x3b, 0x94, 0x3,
    0xc5, 0x45, 0x20, 0x5e, 0x1a, 0x20, 0x1f, 0xbc,
    0x4f, 0xbf, 0x68, 0x45, 0x0, 0x1f, 0xa9, 0x5e,
    0x65, 0x9d, 0xc8, 0xe0, 0xf, 0xcf, 0x52, 0xec,
    0x62, 0x5d, 0xf0, 0xe2, 0x1, 0xff, 0xc0, 0x27,
    0x78, 0xe8, 0x1b, 0x88, 0x3, 0xfb, 0xbf, 0xda,
    0x80,

    /* U+79D2 "秒" */
    0x0, 0xff, 0xe5, 0x8b, 0x5e, 0x0, 0x69, 0xf1,
    0x0, 0xe5, 0x9c, 0xe9, 0x7b, 0x0, 0xff, 0xe0,
    0x63, 0xb8, 0x1b, 0x1c, 0x16, 0x44, 0x2, 0x89,
    0x0, 0xa7, 0xac, 0x4, 0x2, 0xc6, 0x10, 0x8,
    0x58, 0x80, 0x3f, 0xc8, 0x40, 0x1a, 0x2, 0x0,
    0x1f, 0xf0, 0x3f, 0xf9, 0xc9, 0x0, 0x30, 0xba,
    0x90, 0x44, 0x18, 0xe, 0x21, 0xc1, 0xa0, 0x1d,
    0x41, 0x40, 0xee, 0x10, 0x25, 0x74, 0x4, 0x0,
    0xe2, 0x34, 0x0, 0x94, 0x7, 0xcc, 0x94, 0x3,
    0xee, 0xc0, 0x2, 0x90, 0x21, 0x46, 0x48, 0x7,
    0xb7, 0x80, 0x29, 0x20, 0x38, 0x42, 0x30, 0xe,
    0x72, 0xb0, 0x2, 0x9d, 0x80, 0x1e, 0xc4, 0x2,
    0xe3, 0x58, 0x27, 0x1, 0xb2, 0x60, 0x9, 0x0,
    0x33, 0xed, 0x7, 0x0, 0xc, 0x64, 0x3, 0xf8,
    0xb0, 0x64, 0xc0, 0x5, 0xa8, 0x1, 0xf9, 0xb4,
    0xa5, 0x80, 0x31, 0x0, 0x7c, 0xbb, 0x25, 0x8c,
    0x1, 0xfe, 0x1a, 0xfa, 0x38, 0xd3, 0x0, 0xff,
    0x85, 0xd2, 0xb9, 0xc0, 0x3f, 0xef, 0x80, 0xdb,
    0x50, 0xf, 0xe0,

    /* U+79FB "移" */
    0x0, 0xf8, 0x40, 0x3f, 0xf8, 0x65, 0x1d, 0x80,
    0x1b, 0x78, 0x3, 0xcd, 0x7d, 0xae, 0x90, 0x1,
    0x61, 0x2b, 0xbe, 0x0, 0x7b, 0x38, 0x3d, 0x28,
    0x16, 0x98, 0x24, 0x46, 0x0, 0x4e, 0xc8, 0x6,
    0x8d, 0x29, 0xff, 0xb8, 0x50, 0x3, 0xf0, 0xaa,
    0x86, 0x8, 0x7, 0x42, 0x40, 0x1f, 0xf0, 0x3f,
    0xf4, 0x56, 0x29, 0xa7, 0x9e, 0x90, 0x2, 0x20,
    0xc0, 0x71, 0x7, 0x3, 0xdd, 0x59, 0x69, 0x80,
    0x4e, 0xe1, 0x3, 0x44, 0x5e, 0x74, 0x8b, 0x61,
    0x0, 0x79, 0x80, 0x1a, 0xcc, 0x7, 0xcb, 0x67,
    0x0, 0xf2, 0x88, 0x28, 0x4f, 0x64, 0x24, 0x84,
    0x7f, 0xce, 0x0, 0x83, 0x2, 0xb2, 0x0, 0x54,
    0x2c, 0x44, 0xc0, 0x13, 0x94, 0x80, 0x17, 0x13,
    0x94, 0x21, 0xde, 0x21, 0x72, 0x83, 0x50, 0xd,
    0x47, 0x21, 0x82, 0xe, 0x96, 0x6, 0x3e, 0x1,
    0x8a, 0xf5, 0xb1, 0x6, 0x20, 0xea, 0x3, 0xe6,
    0x1, 0xc8, 0x0, 0x3e, 0xd7, 0x88, 0x0, 0x42,
    0x1, 0xf1, 0x3e, 0xd8, 0x5b, 0x80, 0x7f, 0xaf,
    0xb6, 0x2, 0x75, 0x0, 0x3f, 0xf8, 0x6, 0xf9,
    0xac, 0x1, 0xfe, 0xf8, 0xb, 0xd8, 0x30, 0xf,
    0xc0,

    /* U+7AEF "端" */
    0x0, 0x63, 0x0, 0x7c, 0xbe, 0x1, 0xfd, 0x40,
    0x15, 0x78, 0x80, 0x70, 0xfb, 0x80, 0x48, 0x64,
    0x1, 0xff, 0xc2, 0xef, 0x70, 0xdf, 0xb0, 0xf,
    0xfe, 0x5, 0xd5, 0x77, 0x80, 0x3b, 0xe8, 0x3f,
    0xdc, 0x1, 0x2a, 0xe6, 0x24, 0x9b, 0xbf, 0xe5,
    0x3, 0xe0, 0x2, 0xc0, 0x89, 0x9b, 0xf8, 0x0,
    0x23, 0x7, 0x89, 0x6e, 0xff, 0xc2, 0x40, 0x40,
    0x4a, 0x79, 0x99, 0xf, 0x33, 0x84, 0x5, 0x41,
    0x88, 0x9, 0xde, 0x56, 0x77, 0xc2, 0x0, 0x31,
    0x2, 0xc0, 0x6b, 0xb8, 0x56, 0xef, 0x40, 0x0,
    0x79, 0x1, 0x0, 0x2d, 0x71, 0xe1, 0x7e, 0x20,
    0x9, 0xcc, 0xc4, 0x20, 0x11, 0xf8, 0x8, 0x78,
    0x80, 0x6d, 0xec, 0x43, 0x30, 0x7, 0xff, 0x5,
    0x9d, 0x5b, 0x2c, 0x3, 0xff, 0x81, 0x3f, 0x82,
    0xb9, 0x0, 0x1f, 0xfc, 0x15, 0xaf, 0xa3, 0x0,
    0xe3, 0x2, 0x7, 0x23, 0x9, 0xa5, 0x0, 0xe1,
    0x13, 0xe8, 0x63, 0xd0, 0xd0, 0x0,

    /* U+7B49 "等" */
    0x0, 0x88, 0x3, 0xe2, 0x0, 0xfc, 0x5b, 0x40,
    0x1c, 0x39, 0x60, 0x1f, 0x70, 0x2f, 0xfe, 0xb,
    0x14, 0xff, 0xdc, 0x14, 0x71, 0x20, 0x55, 0x70,
    0xad, 0x44, 0x13, 0x55, 0x2c, 0x3b, 0x41, 0x3,
    0x3a, 0xca, 0xc9, 0xa2, 0xa5, 0xd3, 0x80, 0x1e,
    0xd4, 0x62, 0x80, 0x9, 0x84, 0x0, 0x17, 0x7e,
    0x37, 0xe9, 0x77, 0xf1, 0x0, 0x12, 0x23, 0xc4,
    0x31, 0x1e, 0x60, 0x3, 0x7f, 0xf9, 0x7, 0xff,
    0xc8, 0xa, 0xef, 0xf3, 0x3, 0xbf, 0xcd, 0x31,
    0x1f, 0x10, 0xc4, 0x7d, 0x59, 0xff, 0xff, 0x64,
    0xff, 0xd8, 0xc, 0xef, 0xfe, 0x89, 0x87, 0x70,
    0x84, 0x47, 0xfc, 0x80, 0xf1, 0x2, 0xe, 0xfa,
    0xcf, 0xff, 0xa0, 0x3b, 0xfc, 0x60, 0x1, 0xbc,
    0x50, 0xf, 0xfe, 0x10, 0xe0, 0xd0, 0x80, 0x7f,
    0xf0, 0x8b, 0x30, 0x22, 0xc9, 0x88, 0x48, 0x8,
    0x7, 0xc4, 0x60, 0x2e, 0xf8, 0x20, 0x3, 0x0,

    /* U+7CFB "系" */
    0x0, 0xf8, 0x48, 0xd1, 0x5a, 0x29, 0x0, 0x28,
    0xee, 0x7f, 0xdd, 0xb9, 0x75, 0x2c, 0xfc, 0x1,
    0x4b, 0x32, 0x20, 0x40, 0xf7, 0xbd, 0xfd, 0xb4,
    0x1, 0xc, 0x41, 0xc4, 0x96, 0x10, 0x82, 0x8,
    0x3, 0xf2, 0x49, 0xd0, 0x0, 0xbd, 0x4c, 0x3,
    0xe5, 0xb3, 0xd0, 0x1, 0xe1, 0xe0, 0x80, 0x7a,
    0x28, 0x6a, 0x6b, 0x70, 0xb0, 0x40, 0x3e, 0x40,
    0x18, 0x45, 0x25, 0xc1, 0x58, 0x0, 0xf7, 0x6f,
    0xe0, 0x2, 0x68, 0x1, 0xce, 0xe0, 0xe, 0x22,
    0x3e, 0x86, 0xb0, 0x5, 0x65, 0xa, 0x1, 0x93,
    0x61, 0xa1, 0x22, 0x6f, 0x7c, 0x82, 0xc4, 0x0,
    0x56, 0x40, 0xd7, 0x2e, 0xc3, 0x54, 0xda, 0x1b,
    0x0, 0x14, 0xd6, 0x6f, 0xf9, 0x2, 0x9d, 0x49,
    0x51, 0x80, 0x26, 0x54, 0x60, 0xf, 0x4b, 0x5,
    0x60, 0x6, 0x88, 0x70, 0x7, 0xa, 0x4b, 0x8,
    0x6, 0xa7, 0x4a, 0x0, 0xe1, 0xc2, 0x95, 0x0,
    0x2f, 0x2b, 0x58, 0x7, 0xc3, 0x83, 0x44, 0x1c,
    0x15, 0x20, 0x37, 0x28, 0x1, 0x86, 0x82, 0xc2,
    0x7d, 0x40, 0x2, 0xee, 0x7, 0x0, 0xc9, 0x92,
    0x0,

    /* U+7D22 "索" */
    0x0, 0xfd, 0x5e, 0x1, 0xfd, 0x1f, 0xfe, 0x50,
    0xff, 0xf6, 0x80, 0x2e, 0x23, 0xc6, 0x11, 0x1e,
    0xb0, 0x1, 0xbb, 0xf9, 0x81, 0xdf, 0xcc, 0x3,
    0xff, 0xf2, 0x87, 0xff, 0xce, 0x0, 0x48, 0x89,
    0xa2, 0x3f, 0x80, 0x36, 0x3b, 0x81, 0x81, 0xde,
    0x54, 0x77, 0x30, 0x0, 0x54, 0xca, 0xe6, 0x4e,
    0x0, 0x7d, 0xd0, 0x80, 0xb1, 0x85, 0x36, 0xa1,
    0xdf, 0x7f, 0xa1, 0x3c, 0x84, 0x25, 0x0, 0x5,
    0x57, 0xd4, 0x60, 0x55, 0x61, 0x98, 0x10, 0xe,
    0x42, 0xe8, 0x9, 0xd5, 0x1, 0xb2, 0xc0, 0x8,
    0xaf, 0xa4, 0x62, 0x49, 0x9e, 0x6e, 0x40, 0xac,
    0x0, 0x28, 0x0, 0x38, 0xaa, 0x4d, 0x99, 0xaa,
    0x8e, 0x88, 0x3, 0xef, 0xfd, 0xd0, 0x1f, 0x58,
    0xcb, 0x18, 0x80, 0x1, 0x15, 0x60, 0x7, 0xd,
    0xf4, 0x9, 0x80, 0x6, 0x39, 0x68, 0x3, 0x87,
    0x9d, 0xde, 0xa0, 0xfc, 0xeb, 0xac, 0x71, 0x40,
    0x20, 0x31, 0xa5, 0x4a, 0xa8, 0xea, 0x20, 0x77,
    0x1a, 0x10, 0x4, 0x58, 0xea,

    /* U+7EBF "线" */
    0x0, 0x87, 0x50, 0x3, 0xaf, 0x42, 0x18, 0x3,
    0xcc, 0x4e, 0x1, 0xf8, 0xe4, 0xc0, 0x3a, 0x8c,
    0xc0, 0x1f, 0xac, 0xc0, 0x39, 0x4a, 0x2, 0x98,
    0x2, 0x13, 0x1, 0x84, 0x30, 0xa, 0x11, 0x25,
    0x1, 0x46, 0x71, 0xfe, 0xb8, 0x40, 0x4, 0x97,
    0x2c, 0x93, 0x5d, 0xa4, 0x81, 0xa6, 0xf9, 0xc0,
    0xa, 0x15, 0x42, 0x80, 0x9c, 0xf7, 0x9, 0x64,
    0x10, 0xb, 0xf3, 0x0, 0x8a, 0x6, 0x60, 0xe0,
    0x11, 0x2c, 0x5b, 0x1, 0x9b, 0x86, 0x80, 0x32,
    0x60, 0x7f, 0x53, 0xb8, 0xc0, 0x12, 0x54, 0x28,
    0x8d, 0xfb, 0x50, 0x29, 0xce, 0xc5, 0x8, 0x62,
    0xff, 0x59, 0x34, 0x5f, 0x2, 0xb1, 0x7d, 0x80,
    0x14, 0x8, 0x27, 0x9a, 0xdd, 0x4, 0x90, 0x28,
    0x7c, 0x1, 0xdb, 0xf6, 0xc2, 0x1, 0xca, 0x58,
    0x90, 0x80, 0x3, 0x20, 0x26, 0xb6, 0x0, 0xd8,
    0x6, 0xce, 0x60, 0x8, 0xbe, 0xd9, 0x60, 0xd,
    0x16, 0x0, 0x80, 0x8c, 0x5, 0x42, 0x8c, 0xd6,
    0x29, 0xf7, 0x29, 0xd, 0x6, 0x60, 0x7f, 0xb1,
    0xcc, 0x1, 0xc, 0x53, 0xad, 0x47, 0xc5, 0x80,
    0x40, 0x1e, 0xbb, 0x6b, 0x0, 0x16, 0x41, 0x18,

    /* U+7EDC "络" */
    0x0, 0xff, 0x8, 0x7, 0xfd, 0xb2, 0x1, 0xdb,
    0xc0, 0x1f, 0xc6, 0x5e, 0x1, 0x90, 0xc9, 0x9b,
    0x28, 0x6, 0x91, 0x60, 0xd, 0x0, 0x73, 0x3a,
    0xc0, 0x22, 0x59, 0x9, 0xb0, 0x73, 0x6f, 0xfb,
    0x1, 0x0, 0x29, 0x17, 0x26, 0x24, 0x80, 0x62,
    0x0, 0x78, 0x58, 0x1, 0x91, 0xdd, 0xc1, 0x2,
    0x7c, 0x58, 0x54, 0x74, 0x20, 0x1, 0x6, 0x93,
    0x71, 0x5c, 0x1f, 0x1d, 0x58, 0x50, 0x9, 0xb7,
    0x80, 0xa0, 0x3, 0x38, 0x80, 0x30, 0xc0, 0x21,
    0x2b, 0x1e, 0x0, 0xb, 0xed, 0x1d, 0x32, 0x66,
    0x18, 0x0, 0xeb, 0x6, 0xa5, 0x30, 0x13, 0xab,
    0x3a, 0xc7, 0x22, 0xb0, 0x19, 0xf4, 0xb3, 0x2b,
    0x6, 0x69, 0x3e, 0xb0, 0x70, 0x4, 0x53, 0xce,
    0x3f, 0x33, 0xf4, 0x18, 0x47, 0x72, 0x98, 0x40,
    0x21, 0xff, 0xe5, 0x0, 0x84, 0x40, 0x2b, 0x32,
    0x0, 0xff, 0xe0, 0x2c, 0xef, 0x53, 0x0, 0x7f,
    0xf0, 0x71, 0x8d, 0x6b, 0xe4, 0x0, 0x2e, 0xfe,
    0x0, 0xaf, 0x7a, 0x94, 0x3, 0xa6, 0x78, 0x80,
    0x22, 0x20, 0x7, 0xc3, 0xdd, 0xca, 0x1, 0x0,

    /* U+7EDF "统" */
    0x0, 0x84, 0x3, 0xf1, 0x0, 0x7f, 0x6e, 0x80,
    0x3d, 0x5a, 0x20, 0x1f, 0x9, 0xa8, 0x7, 0xb8,
    0x1c, 0x3, 0xe9, 0x9, 0x0, 0x2f, 0xfd, 0x61,
    0x3f, 0xf6, 0x80, 0x5, 0xd8, 0x5f, 0x9a, 0x20,
    0xa0, 0xb1, 0x1a, 0xc0, 0x10, 0x10, 0x12, 0xa6,
    0xee, 0x10, 0xb7, 0xe5, 0x76, 0x3, 0x64, 0x6b,
    0x18, 0x0, 0x1a, 0x38, 0x89, 0xe4, 0x2, 0x70,
    0x49, 0x45, 0x30, 0x7, 0xc, 0x0, 0xca, 0x20,
    0x0, 0x9b, 0xe4, 0x16, 0x0, 0xa2, 0xa0, 0x36,
    0xd0, 0xf0, 0x8, 0x9c, 0xe4, 0x41, 0x14, 0x2b,
    0xf2, 0x5d, 0x10, 0x40, 0x3, 0x85, 0x62, 0x22,
    0xb3, 0x8a, 0xd0, 0x5d, 0x5, 0x1, 0x68, 0x1e,
    0xea, 0x6, 0x64, 0x18, 0xc0, 0x1, 0xa8, 0x5,
    0x10, 0x77, 0x5d, 0x0, 0x14, 0x8, 0x3, 0x28,
    0x1, 0xab, 0x7a, 0x90, 0x2, 0xc0, 0x50, 0xf,
    0x85, 0x48, 0x5, 0x60, 0x0, 0xa6, 0x20, 0x19,
    0xac, 0x49, 0xa7, 0x7a, 0x98, 0x10, 0xac, 0x3,
    0x85, 0xe, 0xa5, 0x8d, 0xaf, 0x82, 0x45, 0xc0,
    0x3b, 0x80, 0xea, 0x77, 0xa5, 0x3, 0xa, 0x0,
    0x2, 0x1a, 0xc8, 0x2, 0x4c, 0x40, 0x19, 0xdc,
    0xc0, 0x2, 0x54, 0x92, 0x80, 0xf, 0xd7, 0x0,
    0x1a, 0xbf, 0xe7, 0x0,

    /* U+7F51 "网" */
    0xf, 0xff, 0xfe, 0x20, 0x80, 0xe, 0x23, 0xff,
    0x80, 0x80, 0x19, 0x1d, 0xe6, 0x16, 0x77, 0x98,
    0x5b, 0x0, 0x3f, 0x2c, 0xa8, 0x80, 0x12, 0x48,
    0x3, 0xcb, 0xc2, 0x40, 0xf, 0x50, 0xd0, 0x20,
    0xf, 0x20, 0x6f, 0x82, 0x1d, 0x81, 0x88, 0x80,
    0x3c, 0x36, 0x6c, 0x61, 0x23, 0x2a, 0xa0, 0xf,
    0xca, 0x80, 0xa0, 0x8a, 0xc3, 0xa0, 0x1f, 0xdc,
    0x1, 0xac, 0x41, 0x0, 0x3f, 0xb0, 0x18, 0x40,
    0x40, 0xc, 0x1, 0xf8, 0x58, 0xc2, 0x41, 0xc4,
    0x20, 0x3, 0xf4, 0x87, 0xa3, 0x94, 0x14, 0x1a,
    0x0, 0x78, 0x9d, 0xe, 0x32, 0x42, 0x5c, 0x3c,
    0x3, 0xdc, 0x12, 0x7, 0x68, 0xc8, 0xe, 0x1,
    0xf0, 0xc9, 0x0, 0x3d, 0x24, 0x1, 0x36, 0x1,
    0xec, 0x60, 0x9, 0xec, 0x2, 0x10, 0xf0, 0xe,
    0x10, 0xf, 0xc7, 0x52, 0xc0, 0x20, 0x1f, 0xfc,
    0x2, 0x46, 0xa, 0x0, 0x74, 0x0, 0x7f, 0xf,
    0x7f, 0x28, 0x0,

    /* U+7F6E "置" */
    0x5, 0xff, 0xff, 0xe1, 0x18, 0x6, 0xab, 0xb0,
    0xad, 0xd9, 0x4a, 0xed, 0x20, 0x1f, 0xfc, 0xca,
    0xbb, 0xa, 0xdd, 0x94, 0xae, 0xd2, 0x1, 0x97,
    0xff, 0xc6, 0x6f, 0xff, 0x18, 0xb, 0x37, 0xc4,
    0x2c, 0xdf, 0x1, 0xc4, 0x7c, 0x25, 0x11, 0xf0,
    0x17, 0x73, 0x77, 0x81, 0x77, 0x7b, 0xb8, 0x1,
    0xe, 0x67, 0x2, 0xe6, 0x72, 0x0, 0x79, 0xf3,
    0x3f, 0x50, 0x7, 0xe7, 0xcc, 0xfd, 0x40, 0x1f,
    0xa3, 0x77, 0xf5, 0x80, 0x7e, 0x8d, 0xdf, 0xd6,
    0x1, 0xfa, 0x37, 0x7f, 0x58, 0x7, 0xe8, 0xdd,
    0xfd, 0x60, 0x1f, 0xa3, 0xbb, 0xf6, 0x0, 0x64,
    0x57, 0xe, 0x44, 0xfc, 0xa1, 0x8a, 0x93, 0x52,
    0xd, 0x55, 0xfa, 0x41, 0xea, 0x80,

    /* U+8003 "考" */
    0x0, 0xf8, 0xfd, 0x80, 0x3f, 0xe1, 0x44, 0xca,
    0x1c, 0x89, 0x88, 0x1b, 0x88, 0x0, 0xb7, 0x7a,
    0x41, 0xee, 0xf2, 0xcc, 0x90, 0x80, 0x9, 0x99,
    0xa8, 0x23, 0x32, 0xa9, 0x67, 0xa0, 0xc, 0x67,
    0x98, 0x4, 0xcc, 0x94, 0x17, 0x0, 0x17, 0xff,
    0xb0, 0x27, 0xfd, 0x0, 0x37, 0xff, 0x3, 0xbf,
    0xc8, 0x0, 0x27, 0x7f, 0x82, 0x23, 0xac, 0xd0,
    0x63, 0x62, 0x3e, 0x0, 0xcb, 0x98, 0x42, 0x91,
    0x66, 0xf2, 0x80, 0xe, 0x7a, 0x8c, 0x0, 0x51,
    0x33, 0xf4, 0x0, 0x31, 0xdd, 0x9c, 0xc1, 0xbd,
    0xdf, 0xb4, 0x1, 0x9d, 0x26, 0x28, 0x40, 0x67,
    0xf8, 0x40, 0x6, 0x1, 0x9, 0x13, 0x77, 0xfa,
    0x0, 0x3e, 0xbb, 0xfe, 0x80, 0xe0, 0xf, 0xa,
    0x27, 0xf0, 0x0, 0xc0, 0x3f, 0xf8, 0x96, 0x8,
    0x1, 0xfe, 0x5d, 0xa8, 0x86, 0x1b, 0x0, 0x7f,
    0xc8, 0xef, 0x89, 0xa4, 0x0,

    /* U+81F3 "至" */
    0xc, 0xff, 0xff, 0xe1, 0xa0, 0x4c, 0x46, 0x30,
    0x58, 0x8f, 0xcc, 0xa, 0xef, 0x29, 0x8d, 0x3b,
    0xcc, 0x8e, 0xf1, 0x0, 0x77, 0x4, 0x0, 0x6f,
    0xd2, 0x0, 0xfa, 0x8d, 0x18, 0x3, 0x48, 0xf8,
    0x80, 0x75, 0x28, 0xd0, 0x7, 0x39, 0x95, 0x0,
    0x6c, 0x50, 0x49, 0x95, 0x5e, 0xff, 0x8c, 0x11,
    0x80, 0x27, 0x0, 0x2b, 0xb9, 0x51, 0x95, 0xe2,
    0x42, 0x48, 0x1, 0x5b, 0xdf, 0xee, 0x50, 0xba,
    0x87, 0x68, 0x62, 0x0, 0x9, 0x8, 0x7, 0xf9,
    0xe4, 0x2, 0x22, 0xf0, 0x81, 0x17, 0x84, 0x0,
    0x9b, 0xbe, 0x40, 0xdd, 0xf5, 0x80, 0x16, 0xab,
    0xc6, 0x15, 0x5e, 0x90, 0x0, 0xaa, 0xf9, 0x81,
    0x57, 0xc6, 0x1, 0xff, 0xd9, 0x27, 0x7f, 0xc0,
    0xef, 0xf3, 0x24, 0x47, 0xc4, 0x11, 0x1f, 0x80,

    /* U+8272 "色" */
    0x0, 0xff, 0xe6, 0xf6, 0x0, 0x7f, 0xf1, 0x24,
    0x5d, 0xfc, 0xc0, 0x1f, 0xce, 0xc0, 0x91, 0x1e,
    0x0, 0xfc, 0xf0, 0x9f, 0xfd, 0x81, 0x20, 0x1f,
    0x4c, 0x1d, 0x80, 0x77, 0x13, 0x80, 0x7b, 0x18,
    0xf, 0xff, 0xc4, 0x4f, 0xfc, 0x1, 0x34, 0x9,
    0xc4, 0x63, 0x8, 0x8c, 0xa0, 0x20, 0xa, 0x70,
    0x67, 0x7c, 0xa2, 0xef, 0xb0, 0x3, 0xff, 0xc2,
    0xef, 0xca, 0x2e, 0xfb, 0x40, 0x3e, 0x29, 0x9c,
    0x43, 0x33, 0x94, 0x44, 0x1, 0xcb, 0xdd, 0xff,
    0xc0, 0x0, 0xff, 0xe3, 0x98, 0x7, 0xff, 0x1b,
    0xec, 0x3, 0xff, 0x8a, 0x64, 0x1, 0x1a, 0xd4,
    0x41, 0xdf, 0x44, 0x26, 0xb4, 0x34, 0x2, 0xe3,
    0x76, 0x78, 0x8c, 0xef, 0x86, 0x10,

    /* U+8282 "节" */
    0x0, 0xc3, 0xee, 0x1, 0xa7, 0xc0, 0x39, 0x13,
    0x83, 0x51, 0x31, 0x2, 0x26, 0x3a, 0xbb, 0xa8,
    0x16, 0xef, 0x20, 0x5d, 0xe8, 0xfe, 0xeb, 0x41,
    0xfb, 0xb3, 0x7, 0x76, 0xa1, 0x1c, 0x61, 0xe2,
    0x38, 0x0, 0x23, 0xc0, 0x18, 0x71, 0x80, 0x34,
    0x60, 0x7, 0x8d, 0x12, 0x75, 0x44, 0xca, 0xe8,
    0x90, 0x5, 0x37, 0x7f, 0xfc, 0x1a, 0x0, 0xaf,
    0x33, 0x30, 0x5e, 0x67, 0x20, 0x6, 0x13, 0x3c,
    0x20, 0xa6, 0x7c, 0x6, 0x1, 0xff, 0xc4, 0x71,
    0x0, 0xff, 0xe2, 0xb, 0x80, 0x7f, 0xf1, 0x8,
    0x80, 0x1f, 0xfc, 0x2, 0x42, 0x40, 0xf0, 0xf,
    0xfe, 0x3, 0x5e, 0xd8, 0xb8, 0x7, 0xff, 0x1,
    0x2e, 0x65, 0x82, 0x1, 0xff, 0xc1, 0x46, 0x61,
    0x0, 0x7f, 0xf2, 0x40,

    /* U+8BA4 "认" */
    0x0, 0xff, 0xe4, 0xd, 0xb0, 0x7, 0xdf, 0x40,
    0x1f, 0xb, 0x49, 0x0, 0x7f, 0xf1, 0x38, 0x38,
    0x3, 0xff, 0x88, 0x6c, 0xa0, 0x1f, 0x18, 0x7,
    0xf4, 0xc8, 0x3, 0x84, 0x3, 0xf3, 0x36, 0x10,
    0xe, 0x30, 0x10, 0xf, 0x4c, 0xe2, 0x0, 0xe1,
    0xf, 0x0, 0xf7, 0xfa, 0xc0, 0x3e, 0x60, 0xc0,
    0xf, 0xfe, 0x26, 0x82, 0x0, 0x7f, 0xf1, 0xc,
    0x0, 0xa0, 0x1f, 0xfc, 0x35, 0x33, 0x78, 0x7,
    0xff, 0x9, 0x6, 0xe9, 0x44, 0x3, 0xff, 0x83,
    0x0, 0xcc, 0x18, 0x0, 0xfe, 0xa8, 0x6, 0x37,
    0x10, 0x96, 0x30, 0xf, 0xbd, 0x70, 0xa4, 0xa4,
    0x0, 0xe5, 0xa4, 0x1, 0x9c, 0xe, 0x5b, 0x3,
    0x84, 0x2, 0xf1, 0xc2, 0x0, 0x8e, 0x6d, 0x30,
    0x6c, 0xc0, 0x31, 0x50, 0xf8, 0x6, 0x64, 0x24,
    0xc4, 0x0, 0xf2, 0xd7, 0x80,

    /* U+8BBE "设" */
    0x0, 0x28, 0x80, 0x7f, 0xf0, 0xca, 0xb4, 0x3,
    0x2f, 0xff, 0x84, 0x2, 0x27, 0x36, 0x0, 0xe7,
    0x88, 0x20, 0x7, 0xa0, 0x60, 0x2, 0x20, 0x87,
    0x76, 0x0, 0x7d, 0x7a, 0x1, 0x70, 0x7, 0xff,
    0x1, 0x4c, 0x2, 0x43, 0x0, 0xfc, 0xcd, 0x84,
    0x0, 0xc5, 0x40, 0x10, 0x81, 0x0, 0x26, 0x71,
    0x2, 0x4a, 0x30, 0x4, 0xa1, 0x9f, 0x5f, 0xeb,
    0x0, 0x92, 0x2c, 0x3, 0x1f, 0x5d, 0xa0, 0x3,
    0xec, 0xff, 0xf7, 0x58, 0x10, 0x7, 0xdc, 0x61,
    0x11, 0x84, 0x18, 0x3, 0xf2, 0xc8, 0x1b, 0xb8,
    0xc5, 0x48, 0x3, 0xf9, 0x46, 0x0, 0x12, 0x16,
    0x1, 0xf0, 0x80, 0x54, 0x73, 0x65, 0x22, 0x1,
    0xe6, 0xc7, 0x0, 0x23, 0x31, 0x1d, 0x80, 0x3e,
    0xb3, 0x60, 0x4, 0x30, 0x1, 0x54, 0x1, 0xcc,
    0x0, 0xc2, 0x9e, 0x71, 0xb9, 0x3a, 0xd7, 0x10,
    0x1, 0x66, 0xb, 0x58, 0x23, 0x91, 0xbd, 0x8a,
    0x18, 0x2, 0x32, 0xa, 0xbe, 0x70, 0x8, 0x67,
    0xa5, 0xc0,

    /* U+8BED "语" */
    0x0, 0x39, 0x80, 0x7f, 0xf0, 0xca, 0x38, 0x0,
    0xdf, 0xff, 0xe9, 0x2, 0x82, 0x80, 0x49, 0x98,
    0x4a, 0x67, 0xa8, 0x0, 0xe2, 0xc0, 0x4c, 0xd0,
    0xa3, 0x37, 0x18, 0x5, 0x58, 0x0, 0x12, 0x30,
    0xe2, 0x2c, 0x1, 0xc8, 0x40, 0xa, 0xdc, 0x8,
    0xdd, 0xc2, 0xc, 0xd8, 0x40, 0x1c, 0xe4, 0xe,
    0xf2, 0x0, 0x53, 0x38, 0x80, 0xb, 0x0, 0x91,
    0x16, 0x0, 0x5f, 0xeb, 0x0, 0xf1, 0x18, 0x7,
    0xff, 0x6, 0xff, 0xc0, 0xff, 0xf4, 0x7, 0x78,
    0x7, 0xba, 0x23, 0xfe, 0x0, 0xf2, 0xbb, 0xff,
    0xc0, 0x1f, 0x4f, 0xff, 0xf0, 0x7, 0xfa, 0x67,
    0xc8, 0x1, 0xf5, 0x38, 0x1, 0x9b, 0xc6, 0x1,
    0xe8, 0x51, 0x0, 0xff, 0xe0, 0xb8, 0x24, 0x30,
    0x1, 0xdf, 0xc6, 0x1, 0x8d, 0xa5, 0xc0, 0x28,
    0x8f, 0x20, 0x7, 0x4b, 0x0, 0x6f, 0xff, 0x38,
    0x0,

    /* U+8BF7 "请" */
    0x0, 0xff, 0xe3, 0x96, 0xa8, 0x7, 0x97, 0xcc,
    0x3, 0xc6, 0x6a, 0x12, 0xff, 0xd4, 0x19, 0xff,
    0x9c, 0x6, 0xc2, 0xa, 0xab, 0x30, 0x45, 0x56,
    0x50, 0x2, 0xa7, 0x83, 0x99, 0xc0, 0xf, 0x33,
    0x84, 0x80, 0x2b, 0x60, 0x79, 0x99, 0x81, 0xe6,
    0x68, 0x6, 0x77, 0x80, 0xb, 0xff, 0x50, 0x67,
    0xfd, 0x81, 0x13, 0x10, 0x1c, 0xff, 0xd4, 0x19,
    0xff, 0xdd, 0xc9, 0x0, 0x44, 0xcf, 0xfd, 0x40,
    0x1c, 0x8e, 0x45, 0xfc, 0x8a, 0x1, 0xe7, 0xbb,
    0xfe, 0xa0, 0xf, 0xed, 0xff, 0xee, 0x0, 0xff,
    0xb7, 0xff, 0xb8, 0x3, 0xf0, 0x80, 0x26, 0xef,
    0xa8, 0x3, 0xe9, 0xd0, 0x1, 0x80, 0x70, 0x80,
    0x7c, 0xe8, 0x0, 0xab, 0xbf, 0x0, 0x7c, 0x50,
    0x0, 0xdf, 0xfe, 0xe0, 0xe, 0x65, 0xf0, 0xf,
    0x92, 0x2c, 0x38, 0x3, 0x51, 0x0, 0x7c, 0xec,
    0xa6, 0xe0,

    /* U+8C03 "调" */
    0x0, 0x29, 0x0, 0x7f, 0xf0, 0xca, 0xb8, 0x2,
    0x5f, 0xff, 0xe5, 0x2, 0x73, 0x60, 0xd, 0x13,
    0x3d, 0x0, 0x1a, 0x6, 0x0, 0x33, 0x31, 0x7d,
    0xd9, 0x40, 0x3a, 0xe8, 0x3, 0xcc, 0xc3, 0x0,
    0xf9, 0x50, 0x3, 0x17, 0xd0, 0x6f, 0x0, 0x53,
    0x38, 0x80, 0x30, 0xcb, 0x4, 0x58, 0x4, 0xa8,
    0x86, 0x10, 0xc, 0x6d, 0x80, 0xaa, 0x0, 0xb3,
    0x64, 0x3, 0xc9, 0xf4, 0x1b, 0xee, 0x1, 0xff,
    0x3c, 0xcf, 0x30, 0x7, 0xf1, 0x81, 0x22, 0x70,
    0x80, 0x7f, 0xf0, 0x37, 0x77, 0x80, 0x7f, 0x84,
    0x2, 0x7d, 0x60, 0xf, 0xe1, 0xe, 0x20, 0x7,
    0x10, 0x80, 0x7e, 0x7d, 0xa2, 0x10, 0x4, 0xfb,
    0x80, 0x7e, 0xa3, 0x96, 0x60, 0x54, 0xcd, 0x0,
    0x1c, 0xe0, 0x32, 0x65, 0xa0, 0xac, 0xd2, 0x80,
    0x71, 0xac, 0x32, 0x1, 0x80, 0x66, 0x7b, 0x1,
    0x0, 0xa9, 0xc1, 0x89, 0x0, 0x37, 0x43, 0x22,
    0x0, 0x3c, 0x5a, 0x1, 0xd1, 0xfe, 0xb0,

    /* U+8FC7 "过" */
    0x0, 0x30, 0x7, 0xf9, 0x7c, 0xc0, 0x39, 0xe7,
    0x4, 0x3, 0xff, 0x88, 0xee, 0x3c, 0x0, 0xfc,
    0x60, 0x1f, 0xa2, 0xa, 0x0, 0xef, 0xfe, 0x90,
    0xcf, 0xf5, 0x80, 0x67, 0x80, 0x4, 0x47, 0x94,
    0x1e, 0x21, 0xc0, 0x1f, 0x99, 0xdf, 0xbc, 0x2d,
    0xdc, 0xa0, 0x3, 0x3c, 0x0, 0x4d, 0x40, 0xf,
    0xfb, 0x32, 0xd0, 0x2, 0x94, 0x0, 0x7f, 0xd7,
    0x64, 0x0, 0x85, 0x8c, 0xc0, 0x1f, 0xe4, 0x40,
    0x80, 0x6d, 0xb, 0x0, 0xff, 0xe2, 0xa0, 0x10,
    0x7, 0xff, 0x1b, 0xa8, 0x3, 0xff, 0x8c, 0x20,
    0x1f, 0xfc, 0x84, 0xa8, 0x90, 0x10, 0xf, 0x98,
    0x4c, 0x3, 0x2b, 0x39, 0x31, 0x0, 0x7a, 0xcc,
    0x32, 0x8, 0x0, 0x39, 0xfd, 0x20, 0x1e, 0xc4,
    0x5e, 0x47, 0xdf, 0xdc, 0xbb, 0xfa, 0x40, 0x8,
    0x8a, 0x1b, 0xc6, 0x33, 0x91, 0x3e, 0xe0, 0x4,
    0x58, 0x4, 0x73, 0x9d, 0xff, 0xf9, 0xc0,

    /* U+8FD4 "返" */
    0x0, 0xff, 0xe2, 0x8, 0x7, 0x38, 0x7, 0xc2,
    0x48, 0xd3, 0x9c, 0xc0, 0x13, 0xc6, 0x8, 0x0,
    0x7f, 0xdd, 0xb7, 0x2c, 0xc, 0x40, 0x13, 0xc1,
    0xe0, 0x6, 0x49, 0xac, 0xef, 0xc9, 0x40, 0xc,
    0xf0, 0xa0, 0x1b, 0x19, 0x4c, 0x40, 0x3f, 0x9e,
    0x0, 0x37, 0x22, 0x7c, 0x60, 0x1f, 0xf3, 0x5d,
    0xfd, 0xc0, 0x11, 0x9e, 0x0, 0xcd, 0xbb, 0xd4,
    0xe, 0x1, 0x66, 0x5a, 0x0, 0x30, 0x75, 0x22,
    0xdc, 0x10, 0x1, 0x5d, 0x90, 0x2, 0x10, 0x38,
    0xe5, 0x6, 0x45, 0x20, 0x9, 0x10, 0x20, 0x13,
    0x7, 0xc8, 0xd5, 0xc8, 0xd8, 0x7, 0xfb, 0xc0,
    0x9b, 0x91, 0x1, 0x2, 0x1, 0xfe, 0x55, 0x0,
    0x9, 0x40, 0x12, 0xa0, 0x1f, 0xce, 0x1c, 0xd,
    0x83, 0x76, 0x1a, 0x70, 0xf, 0xda, 0x4b, 0x72,
    0x38, 0x88, 0xc2, 0x85, 0x0, 0xfa, 0xbc, 0x11,
    0x7c, 0xc0, 0x5, 0x84, 0xe0, 0x12, 0xa0, 0xe2,
    0x90, 0xed, 0x8, 0x6, 0x1d, 0x20, 0x5, 0x50,
    0xb0, 0x6b, 0xfb, 0xf2, 0xef, 0xf0, 0x81, 0x1e,
    0x1e, 0xda, 0x91, 0x99, 0x13, 0xe0, 0x10, 0x8c,
    0x0, 0x92, 0xb3, 0xbf, 0xff, 0x58, 0x0,

    /* U+8FDB "进" */
    0x0, 0x38, 0x7, 0xab, 0x80, 0x9, 0xe8, 0x1,
    0x9e, 0x30, 0x40, 0x3f, 0xf8, 0x6f, 0x7, 0x80,
    0x1f, 0xfc, 0x47, 0x9a, 0x5, 0xff, 0x28, 0xff,
    0xac, 0x2f, 0xfc, 0xc0, 0x13, 0x38, 0x33, 0xb8,
    0x81, 0xdc, 0xa0, 0xae, 0xe5, 0x0, 0xf1, 0xc4,
    0x1c, 0x62, 0x1c, 0x1d, 0x10, 0x30, 0x33, 0xc0,
    0x1f, 0xfc, 0x3c, 0xcb, 0x40, 0x3f, 0xc2, 0x1,
    0xae, 0xc8, 0x0, 0xef, 0xf2, 0x8f, 0xfa, 0xc2,
    0xbf, 0xd4, 0x8, 0x81, 0x0, 0x44, 0x42, 0x28,
    0x83, 0x3, 0x44, 0x38, 0x3, 0xcc, 0xec, 0x2e,
    0xf6, 0x86, 0xbb, 0x90, 0x3, 0xf4, 0x86, 0x80,
    0x7f, 0xf0, 0xc9, 0xc5, 0x0, 0x3f, 0xf8, 0x43,
    0xe1, 0x60, 0x1f, 0xfc, 0x1, 0x11, 0xa1, 0x32,
    0x80, 0x4e, 0x20, 0x1e, 0xa4, 0xc, 0xda, 0x90,
    0xc, 0x7c, 0x80, 0x1b, 0x15, 0x34, 0xde, 0xbf,
    0x72, 0xef, 0xe9, 0x4, 0x3b, 0x2c, 0xb6, 0x33,
    0x91, 0x3e, 0xf0, 0x8c, 0x0, 0x92, 0x73, 0xbf,
    0xff, 0x30,

    /* U+8FDE "连" */
    0x0, 0xff, 0x11, 0x80, 0x7f, 0xd, 0x8, 0x7,
    0xa7, 0x40, 0x3f, 0x9d, 0x7c, 0x80, 0x99, 0xa4,
    0x26, 0x6e, 0x40, 0x9, 0xa8, 0x70, 0x1e, 0x66,
    0x3, 0x99, 0xe8, 0x0, 0xcb, 0x56, 0xb, 0xda,
    0x5, 0xdd, 0xed, 0x0, 0xe5, 0x50, 0x0, 0x54,
    0x2c, 0x31, 0xc4, 0x70, 0x7, 0xf0, 0xc1, 0x30,
    0x10, 0x80, 0x7c, 0xcd, 0x28, 0x2, 0x82, 0x8d,
    0x43, 0x8c, 0xe1, 0x0, 0xa6, 0x6b, 0x0, 0xd1,
    0x96, 0xd, 0x99, 0x48, 0x5, 0xdc, 0x50, 0xa,
    0x6e, 0xea, 0x6, 0xbb, 0xa8, 0x2, 0x11, 0x0,
    0x62, 0x44, 0xc1, 0xc8, 0x91, 0x0, 0x7e, 0x46,
    0x6e, 0xd, 0x66, 0xc0, 0x1f, 0xbe, 0x67, 0x40,
    0x2c, 0xce, 0x10, 0xf, 0xaf, 0xbb, 0x68, 0x3f,
    0x76, 0x10, 0xf, 0xc2, 0x38, 0xc3, 0xc4, 0x70,
    0x7, 0x38, 0xa8, 0x7, 0xff, 0xc, 0x70, 0x8e,
    0xa8, 0x40, 0x10, 0xfb, 0x80, 0x7d, 0xa6, 0xf8,
    0xcb, 0xbf, 0xb9, 0x77, 0xf4, 0x80, 0x11, 0x10,
    0x13, 0xae, 0x67, 0x22, 0x7d, 0xc0, 0x8, 0xb0,
    0x8, 0xa3, 0x3b, 0xff, 0xf3, 0x80,

    /* U+9000 "退" */
    0x0, 0x8, 0x7, 0xff, 0x19, 0xb9, 0x80, 0x27,
    0xff, 0xfe, 0x50, 0x9, 0x46, 0x58, 0x3, 0x44,
    0xcf, 0x40, 0x7, 0x1e, 0x84, 0x0, 0x66, 0x6f,
    0x28, 0x7, 0x8e, 0x64, 0x1, 0x91, 0x3e, 0x0,
    0xf9, 0x9c, 0x3, 0x55, 0xdf, 0x48, 0x7, 0xff,
    0x7, 0xbf, 0xfb, 0x40, 0x38, 0xcf, 0x0, 0x66,
    0x77, 0xea, 0x0, 0xec, 0xcb, 0x40, 0x34, 0x47,
    0x9c, 0x3, 0xae, 0xc8, 0x1, 0xdd, 0xf7, 0xff,
    0xa9, 0x40, 0x24, 0x40, 0x80, 0x79, 0xae, 0xc2,
    0x13, 0x4e, 0x1, 0xff, 0xc0, 0x68, 0x4f, 0xb6,
    0x57, 0x0, 0xff, 0xe0, 0xbd, 0x82, 0x1d, 0x0,
    0x7f, 0xf0, 0x91, 0x18, 0x47, 0x0, 0x1f, 0xfc,
    0xb, 0xeb, 0x22, 0x61, 0x3d, 0x0, 0x7f, 0x10,
    0x2a, 0x59, 0x0, 0xe1, 0x88, 0x6, 0x54, 0x1c,
    0x55, 0x5f, 0xd2, 0x0, 0x43, 0x96, 0x1, 0x55,
    0xa, 0xc6, 0xbe, 0xb7, 0x2e, 0xfe, 0xa0, 0x1,
    0x1e, 0x26, 0xd2, 0x99, 0xc8, 0x9f, 0x10, 0x2,
    0x30, 0x2, 0x5a, 0xde, 0xff, 0xfd, 0x0,

    /* U+9001 "送" */
    0x0, 0xff, 0x8, 0x6, 0x51, 0x0, 0xc3, 0x22,
    0x1, 0x87, 0x74, 0x1, 0x25, 0x30, 0x6, 0x76,
    0xf2, 0x0, 0x85, 0x4d, 0x80, 0x1e, 0xc, 0x1,
    0x9a, 0x87, 0x0, 0x34, 0x3b, 0x2, 0x22, 0x4,
    0x3, 0x96, 0xa0, 0x0, 0xff, 0xe7, 0xff, 0x58,
    0x47, 0xf8, 0x3, 0x95, 0x80, 0x6, 0xef, 0x30,
    0x23, 0xbe, 0x0, 0xfe, 0x48, 0x8a, 0xc3, 0x62,
    0x30, 0x4, 0x68, 0x83, 0x0, 0xff, 0xe2, 0x65,
    0xdb, 0x40, 0x62, 0x35, 0x86, 0xc4, 0x66, 0x0,
    0x5d, 0x90, 0x0, 0x4e, 0xf9, 0x81, 0x1d, 0xf6,
    0x80, 0x11, 0x2, 0x0, 0x3f, 0xfc, 0xa0, 0xff,
    0xfa, 0xc0, 0x3f, 0xe1, 0x50, 0x7b, 0x10, 0xf,
    0xfe, 0x15, 0x4, 0x22, 0x3c, 0x80, 0x3f, 0xe1,
    0xc4, 0x37, 0xb7, 0x1d, 0x30, 0xf, 0xe7, 0xe3,
    0x36, 0x80, 0x22, 0x43, 0x10, 0x3, 0xf5, 0x3,
    0xe0, 0x80, 0x4d, 0x40, 0xe0, 0x12, 0xa0, 0xe2,
    0xf7, 0x20, 0x3, 0xcb, 0xc6, 0x0, 0xaa, 0x16,
    0xd, 0x67, 0xee, 0x5d, 0xfa, 0xac, 0x40, 0x8f,
    0xf, 0x6d, 0x48, 0xcc, 0x89, 0xf0, 0x8, 0x46,
    0x0, 0x49, 0x59, 0xdf, 0xff, 0xac, 0x0,

    /* U+9009 "选" */
    0x0, 0x28, 0x7, 0x2a, 0x81, 0xfc, 0x80, 0x3e,
    0x7a, 0xb0, 0xd, 0x7e, 0x1, 0xff, 0x3b, 0x26,
    0x0, 0x10, 0x45, 0x18, 0x17, 0x11, 0x0, 0x74,
    0xba, 0x80, 0x20, 0x11, 0xd0, 0x19, 0xde, 0x10,
    0xe, 0x89, 0x5, 0x38, 0xff, 0x40, 0x6f, 0xfc,
    0x20, 0x1f, 0x99, 0x1c, 0x3, 0xff, 0x80, 0x67,
    0x82, 0xce, 0x22, 0xc0, 0xb8, 0x8c, 0x60, 0xc,
    0xcb, 0x41, 0xdf, 0x90, 0x19, 0xdf, 0x30, 0x2,
    0xec, 0x80, 0xf, 0xf9, 0xc3, 0xe8, 0x33, 0xfe,
    0x50, 0x2, 0x20, 0x40, 0x38, 0xc4, 0x3, 0xff,
    0x8a, 0x48, 0x80, 0xf, 0xfe, 0x2f, 0x7, 0x0,
    0x7b, 0x58, 0x3, 0xe5, 0xd3, 0x54, 0x0, 0x9c,
    0x4, 0x84, 0x3, 0xe9, 0x24, 0xa0, 0x3, 0x5,
    0xf7, 0x1, 0x0, 0x33, 0x9, 0xf5, 0xd8, 0x2,
    0x3a, 0x86, 0x8c, 0x30, 0xa, 0xcc, 0x32, 0x98,
    0x3, 0x95, 0xe1, 0xcc, 0x2, 0xc4, 0x46, 0x9b,
    0xef, 0xee, 0x5d, 0xfd, 0x40, 0x4, 0x3b, 0x2c,
    0xb6, 0x33, 0x91, 0x3e, 0x20, 0x4, 0x60, 0x4,
    0x93, 0x9d, 0xff, 0xfa, 0x0,

    /* U+914D "配" */
    0xff, 0xfd, 0x9b, 0xbf, 0x80, 0x13, 0x27, 0x7,
    0x9, 0x94, 0x3b, 0xf8, 0x8, 0x0, 0xcc, 0xc0,
    0xb0, 0x66, 0x25, 0x57, 0x94, 0x2, 0x24, 0x30,
    0x50, 0x44, 0x0, 0x7f, 0xd5, 0x70, 0x12, 0x17,
    0x63, 0x0, 0xff, 0x8a, 0x82, 0x82, 0xc0, 0x3f,
    0xf8, 0x42, 0xc, 0xe, 0x0, 0x23, 0x3e, 0x10,
    0xe, 0x21, 0x0, 0xef, 0xcc, 0xe6, 0x0, 0xee,
    0x20, 0xf, 0x1d, 0xde, 0x61, 0x0, 0xcc, 0x82,
    0x18, 0x1, 0x3a, 0x26, 0x9e, 0x0, 0x88, 0x68,
    0xa9, 0x80, 0x3f, 0xf8, 0x25, 0x44, 0xb, 0x40,
    0x1f, 0xfc, 0x12, 0xaf, 0xfb, 0x0, 0x3f, 0x8f,
    0x48, 0x6, 0x67, 0x40, 0x7, 0xf3, 0x10, 0x0,
    0xd9, 0xb2, 0x0, 0x7f, 0x68, 0x10, 0x17, 0xfe,
    0xc0, 0xf, 0xe4, 0x20, 0x0, 0xcc, 0xe8, 0x0,
    0xa, 0x54, 0xca, 0xb4, 0xe8, 0x0, 0x6c, 0xd9,
    0x0, 0x10, 0x4a, 0xcc, 0x50, 0x67, 0x0,

    /* U+91CD "重" */
    0x0, 0xff, 0xe0, 0x8, 0x88, 0x80, 0x14, 0xe6,
    0x37, 0x77, 0x73, 0xfd, 0xdc, 0xdd, 0x18, 0x3,
    0x15, 0x48, 0xab, 0x1, 0xcd, 0x52, 0xf3, 0x4c,
    0x0, 0xb3, 0x34, 0x44, 0xc, 0xc5, 0x52, 0x19,
    0x0, 0x2f, 0xff, 0xe1, 0x4f, 0xff, 0xb3, 0xa2,
    0x3e, 0x12, 0x88, 0xfa, 0x55, 0x40, 0x1f, 0xfc,
    0x27, 0x50, 0x78, 0x8f, 0x9, 0x44, 0x78, 0x40,
    0x36, 0xff, 0xe1, 0x4f, 0xfd, 0x40, 0x1e, 0xdf,
    0xfc, 0x29, 0xff, 0xa8, 0x3, 0xd1, 0x33, 0x84,
    0xe6, 0x73, 0x0, 0x7f, 0xf0, 0x4, 0x3, 0xfe,
    0x89, 0x9c, 0x25, 0x33, 0x98, 0x3, 0x2f, 0xff,
    0x85, 0x3f, 0xfc, 0x20, 0x5f, 0xff, 0xa, 0x7f,
    0xfc, 0x7, 0x11, 0xf0, 0x94, 0x47, 0xc0, 0x2e,
    0xff, 0x3, 0x3b, 0xfc, 0xe, 0xff, 0x81, 0x9d,
    0xfe, 0x59, 0x88, 0xf8, 0x4a, 0x23, 0xee,

    /* U+91CF "量" */
    0x0, 0xab, 0xff, 0xff, 0x80, 0xe0, 0x1e, 0x1d,
    0xdf, 0xec, 0x0, 0xfc, 0x3b, 0xbf, 0xd8, 0x1,
    0xf8, 0x77, 0x7f, 0xb0, 0x3, 0xf0, 0xee, 0xff,
    0x60, 0x7, 0xd1, 0x77, 0xff, 0xc0, 0x50, 0xa,
    0xbf, 0x6e, 0xff, 0xf8, 0x1b, 0xf2, 0x11, 0x99,
    0xff, 0xc4, 0xb0, 0x23, 0x8c, 0xcf, 0xfe, 0x4,
    0x99, 0x0, 0x61, 0xcc, 0xc2, 0x59, 0x98, 0x3,
    0xf0, 0xee, 0xe1, 0x2d, 0xdc, 0x1, 0xf8, 0xb7,
    0x70, 0x96, 0xee, 0x10, 0xf, 0x8b, 0x33, 0x9,
    0x66, 0x61, 0x0, 0xf4, 0xe6, 0x70, 0x96, 0x67,
    0x40, 0x6, 0x5d, 0xcc, 0xe1, 0x2c, 0xce, 0xd5,
    0x0, 0x93, 0x33, 0xc2, 0x59, 0x9e, 0x40, 0x2,
    0xa3, 0x37, 0x80, 0xc, 0xde, 0x45, 0x1a, 0xaf,
    0xc2, 0x55, 0x5f, 0x80,

    /* U+952E "键" */
    0x0, 0xa, 0x0, 0x7f, 0xf1, 0x52, 0xc8, 0x1,
    0x3f, 0xf0, 0x82, 0x79, 0x0, 0x77, 0x88, 0x10,
    0xdd, 0x90, 0x57, 0xa8, 0x33, 0xb8, 0x1, 0x28,
    0xee, 0xa8, 0x91, 0xe, 0xb6, 0xc1, 0x2e, 0x20,
    0x5, 0x5, 0x66, 0x60, 0x30, 0x58, 0xae, 0x2,
    0xf8, 0x5, 0x7, 0x53, 0x27, 0xb, 0x30, 0xff,
    0x58, 0x6c, 0x87, 0x80, 0x2e, 0x22, 0x34, 0x29,
    0x2b, 0xb4, 0x4, 0xb8, 0x58, 0x68, 0xb3, 0xa3,
    0x60, 0x74, 0xa8, 0x7, 0x90, 0x0, 0xce, 0x38,
    0xb8, 0xce, 0x8b, 0x70, 0x12, 0xe2, 0x1, 0xf9,
    0x25, 0x45, 0x3e, 0xc3, 0x7f, 0x80, 0x3f, 0x4a,
    0x93, 0x12, 0xe0, 0x2a, 0xc0, 0xa, 0xf6, 0x1f,
    0xb3, 0xc5, 0x25, 0xb6, 0x9, 0xbb, 0x8, 0x4d,
    0xa8, 0x5c, 0x6b, 0x8e, 0xbf, 0x50, 0x67, 0x70,
    0x40, 0xd0, 0xc5, 0xd, 0x4, 0x1f, 0xfd, 0x61,
    0xbf, 0xe9, 0x0, 0xf8, 0xc8, 0xab, 0xb4, 0x4,
    0xdd, 0xc0, 0x1e, 0x21, 0x22, 0x91, 0x6, 0x8,
    0x91, 0x0, 0x61, 0xdb, 0x60, 0x2c, 0x30, 0x67,
    0x30, 0xf, 0xc5, 0xd1, 0xf, 0x3c, 0xdb, 0x6,
    0x77, 0x30, 0x5, 0x4b, 0xa8, 0x6e, 0x5b, 0x2c,
    0xee, 0x88, 0xbc, 0x2, 0x3a, 0x23, 0xd0, 0x9,
    0xaf, 0xbf, 0xf4, 0x80,

    /* U+957F "长" */
    0x0, 0xdb, 0x60, 0x1f, 0x4a, 0x80, 0x7f, 0xf0,
    0xe9, 0xb0, 0x3, 0xff, 0x82, 0x36, 0xaa, 0x90,
    0xf, 0xfe, 0x2, 0x7a, 0x35, 0x0, 0x7f, 0xc5,
    0x56, 0x35, 0x20, 0x1f, 0xfc, 0x1, 0x55, 0x72,
    0x80, 0x7f, 0xf0, 0x4f, 0x68, 0x40, 0x3e, 0xef,
    0xf8, 0x93, 0xfd, 0xbf, 0xff, 0x9a, 0x5d, 0xe1,
    0x27, 0x72, 0x2, 0xbb, 0xf9, 0x5e, 0x22, 0x36,
    0x88, 0x48, 0x2, 0x23, 0xc6, 0x1, 0xf8, 0x95,
    0x46, 0x1, 0xff, 0xc3, 0x80, 0xe1, 0x0, 0xff,
    0xe1, 0x14, 0x96, 0x80, 0x7f, 0xf0, 0xd9, 0x4f,
    0x48, 0x3, 0xfc, 0xd8, 0x0, 0xa6, 0x2d, 0x70,
    0xf, 0x9b, 0x25, 0x0, 0x29, 0x90, 0x47, 0x10,
    0x7, 0x10, 0xe4, 0x0, 0x66, 0xe6, 0x22, 0x0,
    0x68, 0xad, 0x30, 0xf, 0xc, 0xe0, 0x0,

    /* U+95F4 "间" */
    0x0, 0x4a, 0x80, 0x7f, 0xf0, 0x45, 0xec, 0x42,
    0xbf, 0xff, 0x80, 0x60, 0x60, 0x3a, 0x67, 0xe3,
    0x0, 0x98, 0x70, 0x11, 0x9b, 0xe5, 0x7, 0x40,
    0xf5, 0x0, 0xff, 0xa3, 0x40, 0x40, 0x3f, 0xf8,
    0x93, 0xff, 0xe8, 0x0, 0xff, 0x4c, 0xe0, 0xf,
    0xf8, 0x59, 0xb0, 0x7, 0xff, 0x0, 0x47, 0x0,
    0x7f, 0xc3, 0xdd, 0x80, 0x3f, 0xf8, 0x13, 0x38,
    0x3, 0xfe, 0x16, 0x6c, 0x1, 0xff, 0xcf, 0x1f,
    0xfc, 0x1, 0xfe, 0xbb, 0xfa, 0x80, 0x3f, 0x12,
    0x27, 0x88, 0x3, 0xff, 0x88, 0xd2, 0xe4, 0x1,
    0xff, 0xc1, 0x60, 0x80,

    /* U+9762 "面" */
    0xff, 0xff, 0xe2, 0xf4, 0x47, 0xc8, 0xd, 0x11,
    0xf4, 0xbb, 0xfc, 0x43, 0x2e, 0xff, 0x80, 0x3e,
    0x74, 0x0, 0xff, 0x34, 0x46, 0x91, 0x14, 0x47,
    0xca, 0x0, 0xb7, 0x7c, 0xc0, 0x8e, 0xff, 0x78,
    0x4, 0x7f, 0xea, 0xd, 0xff, 0x58, 0x67, 0xf8,
    0x40, 0x3f, 0xf9, 0xfb, 0xfe, 0xb0, 0xf, 0xfe,
    0x13, 0x3b, 0x94, 0x3, 0xff, 0x85, 0x71, 0xe,
    0x0, 0xff, 0xe1, 0x2b, 0x33, 0x0, 0x3f, 0xf8,
    0x51, 0x32, 0x70, 0xf, 0xfe, 0x16, 0xff, 0xac,
    0x3, 0xff, 0x9e, 0x2e, 0xef, 0xa, 0x77, 0x70,
    0x53, 0xb8, 0x40, 0x31, 0x4c, 0x90, 0x5a, 0x64,
    0x82, 0xf3, 0x20, 0xe, 0x3e, 0xef, 0xfe, 0x0,
    0x80, 0x0,

    /* U+97F3 "音" */
    0x0, 0xf8, 0x54, 0x40, 0x3f, 0xf8, 0x6b, 0x52,
    0x1, 0xfd, 0xbf, 0xfd, 0x60, 0xff, 0xfe, 0xd0,
    0x5, 0x3b, 0xff, 0x99, 0xde, 0xa0, 0x3, 0xc4,
    0x11, 0x62, 0x3c, 0xe9, 0x10, 0x70, 0xe, 0x42,
    0x50, 0xc, 0xa2, 0xa0, 0x19, 0x15, 0x6e, 0xe,
    0x55, 0xd0, 0x18, 0xab, 0x25, 0xd5, 0x52, 0x9,
    0x55, 0x88, 0x2a, 0xb5, 0xee, 0xff, 0xf1, 0x88,
    0x82, 0x89, 0xff, 0xc0, 0x32, 0x20, 0x1, 0x26,
    0x7f, 0xf8, 0xa, 0x1, 0xed, 0xee, 0xfd, 0x40,
    0x1f, 0x8c, 0x47, 0xf0, 0x7, 0xf7, 0x7f, 0xfe,
    0xa0, 0xf, 0xd1, 0x33, 0xf9, 0x80, 0x3f, 0x33,
    0x7f, 0x60, 0x7, 0xe8, 0x8f, 0xef, 0x0, 0xfc,
    0xce, 0xff, 0x94, 0x3, 0xf7, 0x7f, 0xfe, 0xa0,
    0xc,

    /* U+9879 "项" */
    0x0, 0xf0, 0xff, 0xff, 0xb0, 0x2b, 0xbb, 0x68,
    0xcc, 0xe3, 0x9, 0x9e, 0x6, 0x11, 0xc4, 0xc,
    0xd9, 0xc9, 0x9b, 0x28, 0x67, 0xa8, 0xff, 0x80,
    0x9d, 0xe5, 0x7, 0x7c, 0x20, 0x1f, 0x9a, 0x22,
    0x12, 0x88, 0xc6, 0x1, 0xfe, 0xcf, 0xfe, 0x90,
    0xf, 0xfe, 0x11, 0x30, 0x80, 0x7f, 0xf1, 0x1e,
    0x4c, 0x3, 0xff, 0xae, 0x60, 0x1f, 0xfc, 0x61,
    0x3, 0x0, 0xff, 0xe2, 0x70, 0x8, 0x7, 0xf1,
    0xd0, 0x80, 0x64, 0x30, 0xf, 0xa, 0xb8, 0xe3,
    0x9b, 0x98, 0xb1, 0x59, 0x89, 0x21, 0x86, 0xd1,
    0xb6, 0x69, 0x1e, 0x3c, 0x92, 0xef, 0x8d, 0x88,
    0x46, 0x74, 0x98, 0x0, 0x66, 0x87, 0xcb, 0xca,
    0xa4, 0x0, 0x86, 0x1, 0xab, 0x99, 0x7c, 0x80,
    0x71, 0x99, 0x80, 0x1f, 0x12, 0xe5, 0x8, 0x6,
    0x98, 0xa0,

    /* U+9898 "题" */
    0x0, 0x6f, 0xff, 0x60, 0x77, 0xff, 0xd2, 0x1,
    0x8e, 0xaa, 0x20, 0x5, 0xcc, 0x8c, 0x26, 0x6a,
    0x0, 0xcc, 0xab, 0x30, 0x1, 0x5d, 0xe1, 0x77,
    0x8c, 0x3, 0x2f, 0xfc, 0x80, 0x4, 0xee, 0x20,
    0xf7, 0x40, 0x1c, 0x77, 0x71, 0x0, 0x68, 0xbb,
    0x98, 0x3, 0xcc, 0x89, 0x30, 0x6, 0x34, 0x74,
    0xe0, 0xf, 0x2f, 0xfc, 0x80, 0x1c, 0xb8, 0x40,
    0x1e, 0x99, 0xf4, 0x0, 0x7f, 0xf0, 0xc, 0x8,
    0xb8, 0xc, 0x2, 0x30, 0xf, 0xba, 0xef, 0xed,
    0x0, 0x84, 0xc, 0x3, 0xb3, 0x76, 0x41, 0xdd,
    0x60, 0x5, 0xc0, 0x20, 0x1c, 0x2d, 0xc4, 0x0,
    0x22, 0x80, 0x2, 0xc8, 0x22, 0x0, 0xe3, 0x30,
    0x0, 0x7f, 0xc8, 0x8e, 0x90, 0xce, 0xcf, 0x0,
    0xd8, 0x2, 0x3, 0x32, 0x54, 0xc3, 0x67, 0x72,
    0xe0, 0x6, 0x40, 0xc7, 0x6, 0x64, 0xd9, 0x3c,
    0x84, 0x39, 0xd0, 0x1, 0x81, 0xc8, 0xc0, 0x42,
    0x1f, 0x60, 0x2, 0x85, 0x80, 0x4, 0x1c, 0x61,
    0x8f, 0x73, 0xa, 0x26, 0x78, 0xec, 0x41, 0x7c,
    0xf, 0x30, 0xe8, 0xe, 0x8c, 0xde, 0x71, 0xb,
    0x30, 0x8, 0xe2, 0xb3, 0x7b, 0xff, 0xdc, 0x0,

    /* U+98DE "飞" */
    0x9f, 0xff, 0xfa, 0x80, 0x3d, 0x8e, 0xff, 0xe0,
    0xe, 0x40, 0x2, 0xc4, 0x7f, 0x80, 0x40, 0x19,
    0x62, 0x1, 0xff, 0xc3, 0xb3, 0x51, 0x0, 0xff,
    0xe0, 0xb, 0x6a, 0x35, 0x0, 0x7f, 0xf0, 0x88,
    0x95, 0x20, 0x1f, 0xfc, 0x23, 0x9, 0x50, 0xf,
    0xfe, 0x1b, 0x4, 0xc8, 0x3, 0xff, 0x86, 0x20,
    0x8d, 0x82, 0x1, 0xff, 0xc1, 0x20, 0xa7, 0x3f,
    0x10, 0xf, 0xfe, 0x7, 0x1, 0x44, 0x10, 0x40,
    0x3f, 0xf8, 0xa, 0xa, 0xf, 0x40, 0x1f, 0xfc,
    0x13, 0xf, 0x0, 0x1b, 0x0, 0x7f, 0xf0, 0x4d,
    0x0, 0x13, 0x20, 0xf, 0xfe, 0xd, 0x92, 0xa,
    0xa8, 0x3, 0xff, 0x82, 0xc3, 0x78, 0x12, 0x1,
    0xff, 0xc1, 0x1d, 0x22, 0x49, 0x80,

    /* U+9ED1 "黑" */
    0x0, 0x27, 0xff, 0xff, 0x6, 0xc0, 0x3c, 0xf5,
    0x58, 0x16, 0xab, 0x8, 0x7, 0xda, 0x12, 0x8a,
    0x1a, 0xa5, 0xca, 0x60, 0x1f, 0x9c, 0xd8, 0x3,
    0x48, 0x7, 0xfc, 0x47, 0x80, 0x12, 0x8f, 0x80,
    0x7f, 0xdb, 0x60, 0x12, 0xea, 0x0, 0x7f, 0x57,
    0xf7, 0xf8, 0x23, 0xf7, 0xfc, 0x40, 0x1c, 0xb3,
    0x3e, 0x5, 0x99, 0xef, 0x0, 0xc2, 0xcd, 0xe0,
    0xd6, 0x6e, 0x40, 0xc, 0xdf, 0xfe, 0x8, 0xff,
    0xed, 0x0, 0xc9, 0x11, 0xe0, 0x48, 0x8e, 0xb0,
    0xc, 0x4e, 0xfe, 0xc, 0x77, 0xe6, 0x0, 0xb3,
    0xff, 0xe0, 0x8f, 0xff, 0x94, 0x26, 0x1e, 0x23,
    0xff, 0x80, 0xf0, 0xe0, 0xa0, 0xe8, 0xfd, 0x4e,
    0xe5, 0xaf, 0x77, 0x6b, 0x29, 0x1, 0xc1, 0x18,
    0x9, 0x20, 0x10, 0x38, 0x87, 0xf, 0x80, 0xe0,
    0x70, 0x2, 0x83, 0x80, 0x10, 0xc, 0x9, 0x4,
    0xe3, 0x54, 0x30, 0x1, 0x44, 0x0, 0xb, 0x2e,
    0x0, 0x77, 0x80
};


/*---------------------
 *  GLYPH DESCRIPTION
 *--------------------*/

static const lv_font_fmt_txt_glyph_dsc_t glyph_dsc[] = {
    {.bitmap_index = 0, .adv_w = 0, .box_w = 0, .box_h = 0, .ofs_x = 0, .ofs_y = 0} /* id = 0 reserved */,
    {.bitmap_index = 0, .adv_w = 83, .box_w = 0, .box_h = 0, .ofs_x = 0, .ofs_y = 0},
    {.bitmap_index = 0, .adv_w = 86, .box_w = 3, .box_h = 14, .ofs_x = 1, .ofs_y = 0},
    {.bitmap_index = 21, .adv_w = 129, .box_w = 6, .box_h = 6, .ofs_x = 1, .ofs_y = 8},
    {.bitmap_index = 40, .adv_w = 207, .box_w = 13, .box_h = 14, .ofs_x = 0, .ofs_y = 0},
    {.bitmap_index = 127, .adv_w = 176, .box_w = 9, .box_h = 17, .ofs_x = 1, .ofs_y = -2},
    {.bitmap_index = 193, .adv_w = 264, .box_w = 15, .box_h = 14, .ofs_x = 1, .ofs_y = 0},
    {.bitmap_index = 291, .adv_w = 225, .box_w = 13, .box_h = 14, .ofs_x = 1, .ofs_y = 0},
    {.bitmap_index = 373, .adv_w = 72, .box_w = 3, .box_h = 6, .ofs_x = 1, .ofs_y = 8},
    {.bitmap_index = 383, .adv_w = 96, .box_w = 6, .box_h = 18, .ofs_x = 0, .ofs_y = -4},
    {.bitmap_index = 433, .adv_w = 96, .box_w = 6, .box_h = 18, .ofs_x = 0, .ofs_y = -4},
    {.bitmap_index = 483, .adv_w = 176, .box_w = 11, .box_h = 10, .ofs_x = 0, .ofs_y = 5},
    {.bitmap_index = 533, .adv_w = 176, .box_w = 10, .box_h = 10, .ofs_x = 1, .ofs_y = 3},
    {.bitmap_index = 562, .adv_w = 80, .box_w = 4, .box_h = 5, .ofs_x = 0, .ofs_y = -3},
    {.bitmap_index = 572, .adv_w = 103, .box_w = 6, .box_h = 2, .ofs_x = 0, .ofs_y = 5},
    {.bitmap_index = 577, .adv_w = 86, .box_w = 3, .box_h = 3, .ofs_x = 1, .ofs_y = 0},
    {.bitmap_index = 582, .adv_w = 119, .box_w = 8, .box_h = 14, .ofs_x = 0, .ofs_y = 0},
    {.bitmap_index = 626, .adv_w = 176, .box_w = 11, .box_h = 14, .ofs_x = 0, .ofs_y = 0},
    {.bitmap_index = 693, .adv_w = 176, .box_w = 6, .box_h = 14, .ofs_x = 1, .ofs_y = 0},
    {.bitmap_index = 710, .adv_w = 176, .box_w = 10, .box_h = 14, .ofs_x = 0, .ofs_y = 0},
    {.bitmap_index = 768, .adv_w = 176, .box_w = 10, .box_h = 14, .ofs_x = 0, .ofs_y = 0},
    {.bitmap_index = 831, .adv_w = 176, .box_w = 11, .box_h = 14, .ofs_x = 0, .ofs_y = 0},
    {.bitmap_index = 882, .adv_w = 176, .box_w = 9, .box_h = 14, .ofs_x = 1, .ofs_y = 0},
    {.bitmap_index = 935, .adv_w = 176, .box_w = 10, .box_h = 14, .ofs_x = 1, .ofs_y = 0},
    {.bitmap_index = 1000, .adv_w = 176, .box_w = 11, .box_h = 14, .ofs_x = 0, .ofs_y = 0},
    {.bitmap_index = 1050, .adv_w = 176, .box_w = 9, .box_h = 14, .ofs_x = 1, .ofs_y = 0},
    {.bitmap_index = 1112, .adv_w = 176, .box_w = 10, .box_h = 14, .ofs_x = 1, .ofs_y = 0},
    {.bitmap_index = 1177, .adv_w = 86, .box_w = 3, .box_h = 11, .ofs_x = 1, .ofs_y = 0},
    {.bitmap_index = 1191, .adv_w = 86, .box_w = 4, .box_h = 14, .ofs_x = 0, .ofs_y = -3},
    {.bitmap_index = 1212, .adv_w = 176, .box_w = 10, .box_h = 11, .ofs_x = 1, .ofs_y = 2},
    {.bitmap_index = 1256, .adv_w = 176, .box_w = 10, .box_h = 7, .ofs_x = 1, .ofs_y = 4},
    {.bitmap_index = 1274, .adv_w = 176, .box_w = 10, .box_h = 11, .ofs_x = 1, .ofs_y = 2},
    {.bitmap_index = 1318, .adv_w = 136, .box_w = 8, .box_h = 14, .ofs_x = 0, .ofs_y = 0},
    {.bitmap_index = 1367, .adv_w = 277, .box_w = 16, .box_h = 16, .ofs_x = 1, .ofs_y = -2},
    {.bitmap_index = 1489, .adv_w = 195, .box_w = 13, .box_h = 14, .ofs_x = 0, .ofs_y = 0},
    {.bitmap_index = 1560, .adv_w = 199, .box_w = 11, .box_h = 14, .ofs_x = 1, .ofs_y = 0},
    {.bitmap_index = 1620, .adv_w = 193, .box_w = 11, .box_h = 14, .ofs_x = 1, .ofs_y = 0},
    {.bitmap_index = 1680, .adv_w = 219, .box_w = 12, .box_h = 14, .ofs_x = 1, .ofs_y = 0},
    {.bitmap_index = 1741, .adv_w = 169, .box_w = 9, .box_h = 14, .ofs_x = 1, .ofs_y = 0},
    {.bitmap_index = 1772, .adv_w = 157, .box_w = 9, .box_h = 14, .ofs_x = 1, .ofs_y = 0},
    {.bitmap_index = 1797, .adv_w = 221, .box_w = 12, .box_h = 14, .ofs_x = 1, .ofs_y = 0},
    {.bitmap_index = 1865, .adv_w = 224, .box_w = 12, .box_h = 14, .ofs_x = 1, .ofs_y = 0},
    {.bitmap_index = 1887, .adv_w = 108, .box_w = 6, .box_h = 14, .ofs_x = 0, .ofs_y = 0},
    {.bitmap_index = 1904, .adv_w = 87, .box_w = 6, .box_h = 18, .ofs_x = -2, .ofs_y = -4},
    {.bitmap_index = 1922, .adv_w = 185, .box_w = 11, .box_h = 14, .ofs_x = 1, .ofs_y = 0},
    {.bitmap_index = 1977, .adv_w = 157, .box_w = 9, .box_h = 14, .ofs_x = 1, .ofs_y = 0},
    {.bitmap_index = 1991, .adv_w = 278, .box_w = 15, .box_h = 14, .ofs_x = 1, .ofs_y = 0},
    {.bitmap_index = 2068, .adv_w = 233, .box_w = 12, .box_h = 14, .ofs_x = 1, .ofs_y = 0},
    {.bitmap_index = 2122, .adv_w = 238, .box_w = 13, .box_h = 14, .ofs_x = 1, .ofs_y = 0},
    {.bitmap_index = 2198, .adv_w = 184, .box_w = 10, .box_h = 14, .ofs_x = 1, .ofs_y = 0},
    {.bitmap_index = 2241, .adv_w = 237, .box_w = 13, .box_h = 18, .ofs_x = 1, .ofs_y = -4},
    {.bitmap_index = 2334, .adv_w = 189, .box_w = 11, .box_h = 14, .ofs_x = 1, .ofs_y = 0},
    {.bitmap_index = 2392, .adv_w = 166, .box_w = 9, .box_h = 14, .ofs_x = 1, .ofs_y = 0},
    {.bitmap_index = 2448, .adv_w = 166, .box_w = 11, .box_h = 14, .ofs_x = 0, .ofs_y = 0},
    {.bitmap_index = 2468, .adv_w = 223, .box_w = 12, .box_h = 14, .ofs_x = 1, .ofs_y = 0},
    {.bitmap_index = 2506, .adv_w = 182, .box_w = 12, .box_h = 14, .ofs_x = 0, .ofs_y = 0},
    {.bitmap_index = 2577, .adv_w = 283, .box_w = 18, .box_h = 14, .ofs_x = 0, .ofs_y = 0},
    {.bitmap_index = 2693, .adv_w = 175, .box_w = 11, .box_h = 14, .ofs_x = 0, .ofs_y = 0},
    {.bitmap_index = 2761, .adv_w = 169, .box_w = 11, .box_h = 14, .ofs_x = 0, .ofs_y = 0},
    {.bitmap_index = 2810, .adv_w = 173, .box_w = 10, .box_h = 14, .ofs_x = 0, .ofs_y = 0},
    {.bitmap_index = 2861, .adv_w = 97, .box_w = 5, .box_h = 18, .ofs_x = 1, .ofs_y = -4},
    {.bitmap_index = 2878, .adv_w = 119, .box_w = 8, .box_h = 14, .ofs_x = 0, .ofs_y = 0},
    {.bitmap_index = 2920, .adv_w = 97, .box_w = 5, .box_h = 18, .ofs_x = 0, .ofs_y = -4},
    {.bitmap_index = 2937, .adv_w = 170, .box_w = 11, .box_h = 9, .ofs_x = 0, .ofs_y = 5},
    {.bitmap_index = 2978, .adv_w = 132, .box_w = 10, .box_h = 3, .ofs_x = -1, .ofs_y = -4},
    {.bitmap_index = 2987, .adv_w = 185, .box_w = 5, .box_h = 3, .ofs_x = 3, .ofs_y = 12},
    {.bitmap_index = 2995, .adv_w = 170, .box_w = 10, .box_h = 11, .ofs_x = 0, .ofs_y = 0},
    {.bitmap_index = 3046, .adv_w = 188, .box_w = 10, .box_h = 15, .ofs_x = 1, .ofs_y = 0},
    {.bitmap_index = 3102, .adv_w = 148, .box_w = 8, .box_h = 11, .ofs_x = 1, .ofs_y = 0},
    {.bitmap_index = 3139, .adv_w = 188, .box_w = 10, .box_h = 15, .ofs_x = 1, .ofs_y = 0},
    {.bitmap_index = 3195, .adv_w = 171, .box_w = 9, .box_h = 11, .ofs_x = 1, .ofs_y = 0},
    {.bitmap_index = 3240, .adv_w = 105, .box_w = 8, .box_h = 15, .ofs_x = 0, .ofs_y = 0},
    {.bitmap_index = 3271, .adv_w = 166, .box_w = 10, .box_h = 16, .ofs_x = 0, .ofs_y = -5},
    {.bitmap_index = 3347, .adv_w = 188, .box_w = 10, .box_h = 15, .ofs_x = 1, .ofs_y = 0},
    {.bitmap_index = 3378, .adv_w = 83, .box_w = 3, .box_h = 15, .ofs_x = 1, .ofs_y = 0},
    {.bitmap_index = 3389, .adv_w = 83, .box_w = 5, .box_h = 20, .ofs_x = -1, .ofs_y = -5},
    {.bitmap_index = 3412, .adv_w = 159, .box_w = 9, .box_h = 15, .ofs_x = 1, .ofs_y = 0},
    {.bitmap_index = 3454, .adv_w = 83, .box_w = 3, .box_h = 15, .ofs_x = 1, .ofs_y = 0},
    {.bitmap_index = 3459, .adv_w = 287, .box_w = 16, .box_h = 11, .ofs_x = 1, .ofs_y = 0},
    {.bitmap_index = 3506, .adv_w = 188, .box_w = 10, .box_h = 11, .ofs_x = 1, .ofs_y = 0},
    {.bitmap_index = 3534, .adv_w = 185, .box_w = 10, .box_h = 11, .ofs_x = 1, .ofs_y = 0},
    {.bitmap_index = 3585, .adv_w = 188, .box_w = 10, .box_h = 16, .ofs_x = 1, .ofs_y = -5},
    {.bitmap_index = 3644, .adv_w = 188, .box_w = 10, .box_h = 16, .ofs_x = 1, .ofs_y = -5},
    {.bitmap_index = 3704, .adv_w = 128, .box_w = 7, .box_h = 11, .ofs_x = 1, .ofs_y = 0},
    {.bitmap_index = 3725, .adv_w = 144, .box_w = 9, .box_h = 11, .ofs_x = 0, .ofs_y = 0},
    {.bitmap_index = 3771, .adv_w = 108, .box_w = 7, .box_h = 14, .ofs_x = 0, .ofs_y = 0},
    {.bitmap_index = 3804, .adv_w = 188, .box_w = 10, .box_h = 11, .ofs_x = 1, .ofs_y = 0},
    {.bitmap_index = 3832, .adv_w = 153, .box_w = 10, .box_h = 11, .ofs_x = 0, .ofs_y = 0},
    {.bitmap_index = 3883, .adv_w = 239, .box_w = 15, .box_h = 11, .ofs_x = 0, .ofs_y = 0},
    {.bitmap_index = 3965, .adv_w = 160, .box_w = 10, .box_h = 11, .ofs_x = 0, .ofs_y = 0},
    {.bitmap_index = 4017, .adv_w = 156, .box_w = 10, .box_h = 16, .ofs_x = 0, .ofs_y = -5},
    {.bitmap_index = 4086, .adv_w = 141, .box_w = 9, .box_h = 11, .ofs_x = 0, .ofs_y = 0},
    {.bitmap_index = 4126, .adv_w = 113, .box_w = 7, .box_h = 18, .ofs_x = 0, .ofs_y = -4},
    {.bitmap_index = 4171, .adv_w = 176, .box_w = 3, .box_h = 20, .ofs_x = 4, .ofs_y = -5},
    {.bitmap_index = 4176, .adv_w = 113, .box_w = 7, .box_h = 18, .ofs_x = 0, .ofs_y = -4},
    {.bitmap_index = 4220, .adv_w = 176, .box_w = 10, .box_h = 4, .ofs_x = 1, .ofs_y = 5},
    {.bitmap_index = 4239, .adv_w = 193, .box_w = 10, .box_h = 9, .ofs_x = 1, .ofs_y = 4},
    {.bitmap_index = 4271, .adv_w = 193, .box_w = 10, .box_h = 9, .ofs_x = 1, .ofs_y = 2},
    {.bitmap_index = 4305, .adv_w = 320, .box_w = 18, .box_h = 16, .ofs_x = 1, .ofs_y = -1},
    {.bitmap_index = 4398, .adv_w = 320, .box_w = 18, .box_h = 2, .ofs_x = 1, .ofs_y = 7},
    {.bitmap_index = 4407, .adv_w = 320, .box_w = 18, .box_h = 17, .ofs_x = 1, .ofs_y = -1},
    {.bitmap_index = 4449, .adv_w = 320, .box_w = 16, .box_h = 18, .ofs_x = 2, .ofs_y = -2},
    {.bitmap_index = 4511, .adv_w = 320, .box_w = 18, .box_h = 19, .ofs_x = 1, .ofs_y = -2},
    {.bitmap_index = 4589, .adv_w = 320, .box_w = 18, .box_h = 18, .ofs_x = 1, .ofs_y = -2},
    {.bitmap_index = 4696, .adv_w = 320, .box_w = 18, .box_h = 20, .ofs_x = 1, .ofs_y = -3},
    {.bitmap_index = 4816, .adv_w = 320, .box_w = 19, .box_h = 19, .ofs_x = 0, .ofs_y = -2},
    {.bitmap_index = 4925, .adv_w = 320, .box_w = 19, .box_h = 19, .ofs_x = 1, .ofs_y = -2},
    {.bitmap_index = 5036, .adv_w = 320, .box_w = 19, .box_h = 19, .ofs_x = 1, .ofs_y = -2},
    {.bitmap_index = 5164, .adv_w = 320, .box_w = 16, .box_h = 18, .ofs_x = 2, .ofs_y = -2},
    {.bitmap_index = 5230, .adv_w = 320, .box_w = 18, .box_h = 18, .ofs_x = 1, .ofs_y = -2},
    {.bitmap_index = 5309, .adv_w = 320, .box_w = 19, .box_h = 20, .ofs_x = 1, .ofs_y = -3},
    {.bitmap_index = 5445, .adv_w = 320, .box_w = 18, .box_h = 19, .ofs_x = 1, .ofs_y = -3},
    {.bitmap_index = 5572, .adv_w = 320, .box_w = 18, .box_h = 18, .ofs_x = 1, .ofs_y = -2},
    {.bitmap_index = 5681, .adv_w = 320, .box_w = 19, .box_h = 18, .ofs_x = 0, .ofs_y = -2},
    {.bitmap_index = 5792, .adv_w = 320, .box_w = 18, .box_h = 20, .ofs_x = 1, .ofs_y = -3},
    {.bitmap_index = 5909, .adv_w = 320, .box_w = 18, .box_h = 20, .ofs_x = 1, .ofs_y = -3},
    {.bitmap_index = 6053, .adv_w = 320, .box_w = 18, .box_h = 19, .ofs_x = 1, .ofs_y = -3},
    {.bitmap_index = 6193, .adv_w = 320, .box_w = 19, .box_h = 18, .ofs_x = 0, .ofs_y = -2},
    {.bitmap_index = 6346, .adv_w = 320, .box_w = 18, .box_h = 19, .ofs_x = 1, .ofs_y = -2},
    {.bitmap_index = 6476, .adv_w = 320, .box_w = 19, .box_h = 19, .ofs_x = 0, .ofs_y = -2},
    {.bitmap_index = 6616, .adv_w = 320, .box_w = 19, .box_h = 18, .ofs_x = 1, .ofs_y = -2},
    {.bitmap_index = 6753, .adv_w = 320, .box_w = 17, .box_h = 19, .ofs_x = 1, .ofs_y = -2},
    {.bitmap_index = 6857, .adv_w = 320, .box_w = 19, .box_h = 18, .ofs_x = 1, .ofs_y = -2},
    {.bitmap_index = 6927, .adv_w = 320, .box_w = 18, .box_h = 19, .ofs_x = 1, .ofs_y = -2},
    {.bitmap_index = 7029, .adv_w = 320, .box_w = 18, .box_h = 19, .ofs_x = 1, .ofs_y = -3},
    {.bitmap_index = 7111, .adv_w = 320, .box_w = 18, .box_h = 20, .ofs_x = 0, .ofs_y = -3},
    {.bitmap_index = 7216, .adv_w = 320, .box_w = 20, .box_h = 19, .ofs_x = 0, .ofs_y = -2},
    {.bitmap_index = 7339, .adv_w = 320, .box_w = 16, .box_h = 18, .ofs_x = 2, .ofs_y = -2},
    {.bitmap_index = 7405, .adv_w = 320, .box_w = 19, .box_h = 19, .ofs_x = 0, .ofs_y = -2},
    {.bitmap_index = 7508, .adv_w = 320, .box_w = 19, .box_h = 20, .ofs_x = 0, .ofs_y = -3},
    {.bitmap_index = 7647, .adv_w = 320, .box_w = 18, .box_h = 19, .ofs_x = 1, .ofs_y = -2},
    {.bitmap_index = 7774, .adv_w = 320, .box_w = 18, .box_h = 19, .ofs_x = 1, .ofs_y = -2},
    {.bitmap_index = 7868, .adv_w = 320, .box_w = 19, .box_h = 20, .ofs_x = 1, .ofs_y = -3},
    {.bitmap_index = 7990, .adv_w = 320, .box_w = 18, .box_h = 18, .ofs_x = 1, .ofs_y = -2},
    {.bitmap_index = 8112, .adv_w = 320, .box_w = 19, .box_h = 19, .ofs_x = 0, .ofs_y = -3},
    {.bitmap_index = 8246, .adv_w = 320, .box_w = 17, .box_h = 18, .ofs_x = 2, .ofs_y = -2},
    {.bitmap_index = 8316, .adv_w = 320, .box_w = 19, .box_h = 18, .ofs_x = 1, .ofs_y = -2},
    {.bitmap_index = 8445, .adv_w = 320, .box_w = 19, .box_h = 20, .ofs_x = 0, .ofs_y = -3},
    {.bitmap_index = 8587, .adv_w = 320, .box_w = 20, .box_h = 20, .ofs_x = 0, .ofs_y = -3},
    {.bitmap_index = 8740, .adv_w = 320, .box_w = 19, .box_h = 19, .ofs_x = 1, .ofs_y = -2},
    {.bitmap_index = 8865, .adv_w = 320, .box_w = 16, .box_h = 18, .ofs_x = 2, .ofs_y = -2},
    {.bitmap_index = 8960, .adv_w = 320, .box_w = 18, .box_h = 18, .ofs_x = 1, .ofs_y = -2},
    {.bitmap_index = 9082, .adv_w = 320, .box_w = 19, .box_h = 19, .ofs_x = 0, .ofs_y = -2},
    {.bitmap_index = 9209, .adv_w = 320, .box_w = 20, .box_h = 18, .ofs_x = 0, .ofs_y = -2},
    {.bitmap_index = 9331, .adv_w = 320, .box_w = 20, .box_h = 19, .ofs_x = 0, .ofs_y = -2},
    {.bitmap_index = 9454, .adv_w = 320, .box_w = 19, .box_h = 19, .ofs_x = 1, .ofs_y = -2},
    {.bitmap_index = 9580, .adv_w = 320, .box_w = 19, .box_h = 19, .ofs_x = 0, .ofs_y = -2},
    {.bitmap_index = 9721, .adv_w = 320, .box_w = 19, .box_h = 19, .ofs_x = 0, .ofs_y = -3},
    {.bitmap_index = 9817, .adv_w = 320, .box_w = 20, .box_h = 19, .ofs_x = 0, .ofs_y = -3},
    {.bitmap_index = 9967, .adv_w = 320, .box_w = 19, .box_h = 18, .ofs_x = 0, .ofs_y = -2},
    {.bitmap_index = 10107, .adv_w = 320, .box_w = 19, .box_h = 20, .ofs_x = 0, .ofs_y = -3},
    {.bitmap_index = 10259, .adv_w = 320, .box_w = 20, .box_h = 19, .ofs_x = 0, .ofs_y = -2},
    {.bitmap_index = 10408, .adv_w = 320, .box_w = 19, .box_h = 18, .ofs_x = 0, .ofs_y = -2},
    {.bitmap_index = 10543, .adv_w = 320, .box_w = 19, .box_h = 19, .ofs_x = 0, .ofs_y = -2},
    {.bitmap_index = 10687, .adv_w = 320, .box_w = 19, .box_h = 18, .ofs_x = 0, .ofs_y = -2},
    {.bitmap_index = 10806, .adv_w = 320, .box_w = 20, .box_h = 19, .ofs_x = 0, .ofs_y = -3},
    {.bitmap_index = 10966, .adv_w = 320, .box_w = 20, .box_h = 19, .ofs_x = 0, .ofs_y = -2},
    {.bitmap_index = 11128, .adv_w = 320, .box_w = 20, .box_h = 19, .ofs_x = 0, .ofs_y = -2},
    {.bitmap_index = 11299, .adv_w = 320, .box_w = 19, .box_h = 20, .ofs_x = 1, .ofs_y = -3},
    {.bitmap_index = 11445, .adv_w = 320, .box_w = 19, .box_h = 19, .ofs_x = 0, .ofs_y = -2},
    {.bitmap_index = 11593, .adv_w = 320, .box_w = 19, .box_h = 19, .ofs_x = 0, .ofs_y = -3},
    {.bitmap_index = 11711, .adv_w = 320, .box_w = 18, .box_h = 18, .ofs_x = 1, .ofs_y = -2},
    {.bitmap_index = 11819, .adv_w = 320, .box_w = 18, .box_h = 19, .ofs_x = 1, .ofs_y = -2},
    {.bitmap_index = 11950, .adv_w = 320, .box_w = 20, .box_h = 19, .ofs_x = 0, .ofs_y = -3},
    {.bitmap_index = 12096, .adv_w = 320, .box_w = 19, .box_h = 18, .ofs_x = 0, .ofs_y = -2},
    {.bitmap_index = 12205, .adv_w = 320, .box_w = 19, .box_h = 18, .ofs_x = 0, .ofs_y = -2},
    {.bitmap_index = 12351, .adv_w = 320, .box_w = 18, .box_h = 18, .ofs_x = 1, .ofs_y = -2},
    {.bitmap_index = 12408, .adv_w = 320, .box_w = 19, .box_h = 19, .ofs_x = 1, .ofs_y = -2},
    {.bitmap_index = 12546, .adv_w = 320, .box_w = 19, .box_h = 18, .ofs_x = 0, .ofs_y = -2},
    {.bitmap_index = 12674, .adv_w = 320, .box_w = 18, .box_h = 18, .ofs_x = 1, .ofs_y = -2},
    {.bitmap_index = 12777, .adv_w = 320, .box_w = 19, .box_h = 19, .ofs_x = 1, .ofs_y = -2},
    {.bitmap_index = 12927, .adv_w = 320, .box_w = 19, .box_h = 19, .ofs_x = 1, .ofs_y = -2},
    {.bitmap_index = 13063, .adv_w = 320, .box_w = 18, .box_h = 19, .ofs_x = 0, .ofs_y = -3},
    {.bitmap_index = 13167, .adv_w = 320, .box_w = 18, .box_h = 18, .ofs_x = 2, .ofs_y = -2},
    {.bitmap_index = 13265, .adv_w = 320, .box_w = 20, .box_h = 19, .ofs_x = 0, .ofs_y = -3},
    {.bitmap_index = 13396, .adv_w = 320, .box_w = 16, .box_h = 19, .ofs_x = 2, .ofs_y = -2},
    {.bitmap_index = 13461, .adv_w = 320, .box_w = 14, .box_h = 18, .ofs_x = 3, .ofs_y = -2},
    {.bitmap_index = 13517, .adv_w = 320, .box_w = 20, .box_h = 21, .ofs_x = 0, .ofs_y = -3},
    {.bitmap_index = 13674, .adv_w = 320, .box_w = 19, .box_h = 20, .ofs_x = 0, .ofs_y = -3},
    {.bitmap_index = 13832, .adv_w = 320, .box_w = 18, .box_h = 20, .ofs_x = 1, .ofs_y = -3},
    {.bitmap_index = 13969, .adv_w = 320, .box_w = 19, .box_h = 20, .ofs_x = 0, .ofs_y = -3},
    {.bitmap_index = 14116, .adv_w = 320, .box_w = 19, .box_h = 20, .ofs_x = 0, .ofs_y = -3},
    {.bitmap_index = 14277, .adv_w = 320, .box_w = 19, .box_h = 18, .ofs_x = 1, .ofs_y = -2},
    {.bitmap_index = 14411, .adv_w = 320, .box_w = 18, .box_h = 19, .ofs_x = 1, .ofs_y = -2},
    {.bitmap_index = 14539, .adv_w = 320, .box_w = 18, .box_h = 19, .ofs_x = 1, .ofs_y = -2},
    {.bitmap_index = 14692, .adv_w = 320, .box_w = 18, .box_h = 18, .ofs_x = 1, .ofs_y = -2},
    {.bitmap_index = 14833, .adv_w = 320, .box_w = 19, .box_h = 18, .ofs_x = 0, .ofs_y = -2},
    {.bitmap_index = 14993, .adv_w = 320, .box_w = 19, .box_h = 19, .ofs_x = 1, .ofs_y = -2},
    {.bitmap_index = 15145, .adv_w = 320, .box_w = 19, .box_h = 20, .ofs_x = 1, .ofs_y = -3},
    {.bitmap_index = 15317, .adv_w = 320, .box_w = 18, .box_h = 19, .ofs_x = 1, .ofs_y = -3},
    {.bitmap_index = 15448, .adv_w = 320, .box_w = 18, .box_h = 18, .ofs_x = 1, .ofs_y = -2},
    {.bitmap_index = 15550, .adv_w = 320, .box_w = 19, .box_h = 18, .ofs_x = 0, .ofs_y = -2},
    {.bitmap_index = 15675, .adv_w = 320, .box_w = 18, .box_h = 18, .ofs_x = 1, .ofs_y = -2},
    {.bitmap_index = 15787, .adv_w = 320, .box_w = 19, .box_h = 19, .ofs_x = 0, .ofs_y = -2},
    {.bitmap_index = 15889, .adv_w = 320, .box_w = 18, .box_h = 18, .ofs_x = 1, .ofs_y = -2},
    {.bitmap_index = 15997, .adv_w = 320, .box_w = 19, .box_h = 19, .ofs_x = 1, .ofs_y = -2},
    {.bitmap_index = 16114, .adv_w = 320, .box_w = 18, .box_h = 19, .ofs_x = 1, .ofs_y = -2},
    {.bitmap_index = 16252, .adv_w = 320, .box_w = 18, .box_h = 19, .ofs_x = 1, .ofs_y = -2},
    {.bitmap_index = 16373, .adv_w = 320, .box_w = 18, .box_h = 19, .ofs_x = 1, .ofs_y = -2},
    {.bitmap_index = 16495, .adv_w = 320, .box_w = 18, .box_h = 20, .ofs_x = 1, .ofs_y = -3},
    {.bitmap_index = 16630, .adv_w = 320, .box_w = 20, .box_h = 19, .ofs_x = 0, .ofs_y = -3},
    {.bitmap_index = 16757, .adv_w = 320, .box_w = 20, .box_h = 20, .ofs_x = 0, .ofs_y = -3},
    {.bitmap_index = 16916, .adv_w = 320, .box_w = 19, .box_h = 19, .ofs_x = 0, .ofs_y = -3},
    {.bitmap_index = 17054, .adv_w = 320, .box_w = 20, .box_h = 20, .ofs_x = 0, .ofs_y = -3},
    {.bitmap_index = 17204, .adv_w = 320, .box_w = 20, .box_h = 20, .ofs_x = 0, .ofs_y = -3},
    {.bitmap_index = 17347, .adv_w = 320, .box_w = 20, .box_h = 20, .ofs_x = 0, .ofs_y = -3},
    {.bitmap_index = 17506, .adv_w = 320, .box_w = 20, .box_h = 19, .ofs_x = 0, .ofs_y = -3},
    {.bitmap_index = 17655, .adv_w = 320, .box_w = 19, .box_h = 18, .ofs_x = 1, .ofs_y = -2},
    {.bitmap_index = 17782, .adv_w = 320, .box_w = 18, .box_h = 19, .ofs_x = 1, .ofs_y = -2},
    {.bitmap_index = 17901, .adv_w = 320, .box_w = 19, .box_h = 18, .ofs_x = 0, .ofs_y = -2},
    {.bitmap_index = 18009, .adv_w = 320, .box_w = 19, .box_h = 20, .ofs_x = 0, .ofs_y = -3},
    {.bitmap_index = 18181, .adv_w = 320, .box_w = 18, .box_h = 18, .ofs_x = 1, .ofs_y = -2},
    {.bitmap_index = 18292, .adv_w = 320, .box_w = 16, .box_h = 19, .ofs_x = 2, .ofs_y = -2},
    {.bitmap_index = 18376, .adv_w = 320, .box_w = 18, .box_h = 18, .ofs_x = 1, .ofs_y = -2},
    {.bitmap_index = 18474, .adv_w = 320, .box_w = 18, .box_h = 19, .ofs_x = 1, .ofs_y = -2},
    {.bitmap_index = 18579, .adv_w = 320, .box_w = 19, .box_h = 18, .ofs_x = 1, .ofs_y = -2},
    {.bitmap_index = 18693, .adv_w = 320, .box_w = 20, .box_h = 19, .ofs_x = 0, .ofs_y = -3},
    {.bitmap_index = 18853, .adv_w = 320, .box_w = 19, .box_h = 17, .ofs_x = 1, .ofs_y = -2},
    {.bitmap_index = 18955, .adv_w = 320, .box_w = 19, .box_h = 18, .ofs_x = 0, .ofs_y = -2}
};

/*---------------------
 *  CHARACTER MAPPING
 *--------------------*/

static const uint16_t unicode_list_1[] = {
    0x0, 0xa, 0x53, 0x284e, 0x2858, 0x287b, 0x2889, 0x28b4,
    0x28fc, 0x2a2f, 0x2bb3, 0x2bc1, 0x2c48, 0x2c49, 0x2c54, 0x2c55,
    0x2c84, 0x2c85, 0x2c9b, 0x2cef, 0x2cf6, 0x2e1a, 0x2e1b, 0x2e1f,
    0x2e24, 0x2e33, 0x2e3d, 0x2e3e, 0x2e5a, 0x2e7d, 0x2ecb, 0x312c,
    0x3176, 0x3352, 0x3355, 0x35a5, 0x35da, 0x3647, 0x369d, 0x3840,
    0x38a3, 0x38e3, 0x38f4, 0x395d, 0x39a1, 0x39a3, 0x39d3, 0x3a6b,
    0x3abd, 0x3b5d, 0x3c5e, 0x3ca1, 0x3cf3, 0x3d37, 0x3d57, 0x3db0,
    0x3dbc, 0x3df3, 0x3df5, 0x3e6a, 0x3efb, 0x3fbe, 0x3ffb, 0x3ffe,
    0x402e, 0x4044, 0x40d0, 0x415b, 0x4178, 0x446f, 0x45b1, 0x4690,
    0x47d6, 0x4b07, 0x4b3b, 0x4e54, 0x4f76, 0x4f83, 0x4f9a, 0x50cb,
    0x513c, 0x523b, 0x52bc, 0x5409, 0x5420, 0x5449, 0x553d, 0x5597,
    0x5749, 0x5770, 0x590d, 0x592a, 0x592d, 0x599f, 0x59bc, 0x5a51,
    0x5c41, 0x5cc0, 0x5cd0, 0x65f2, 0x660c, 0x663b, 0x6645, 0x6651,
    0x6a15, 0x6a22, 0x6a29, 0x6a2c, 0x6a4e, 0x6a4f, 0x6a57, 0x6b9b,
    0x6c1b, 0x6c1d, 0x6f7c, 0x6fcd, 0x7042, 0x71b0, 0x7241, 0x72c7,
    0x72e6, 0x732c, 0x791f
};

/*Collect the unicode lists and glyph_id offsets*/
static const lv_font_fmt_txt_cmap_t cmaps[] =
{
    {
        .range_start = 32, .range_length = 95, .glyph_id_start = 1,
        .unicode_list = NULL, .glyph_id_ofs_list = NULL, .list_length = 0, .type = LV_FONT_FMT_TXT_CMAP_FORMAT0_TINY
    },
    {
        .range_start = 9650, .range_length = 31008, .glyph_id_start = 96,
        .unicode_list = unicode_list_1, .glyph_id_ofs_list = NULL, .list_length = 123, .type = LV_FONT_FMT_TXT_CMAP_SPARSE_TINY
    }
};

/*-----------------
 *    KERNING
 *----------------*/


/*Pair left and right glyphs for kerning*/
static const uint8_t kern_pair_glyph_ids[] =
{
    3, 36,
    3, 44,
    3, 55,
    3, 57,
    3, 58,
    3, 59,
    3, 60,
    3, 61,
    3, 70,
    3, 71,
    3, 72,
    3, 74,
    3, 82,
    3, 84,
    3, 87,
    3, 89,
    3, 90,
    3, 92,
    8, 36,
    8, 44,
    8, 55,
    8, 57,
    8, 58,
    8, 59,
    8, 60,
    8, 61,
    8, 70,
    8, 71,
    8, 72,
    8, 74,
    8, 82,
    8, 84,
    8, 87,
    8, 89,
    8, 90,
    8, 92,
    9, 45,
    13, 38,
    13, 42,
    13, 50,
    13, 52,
    13, 55,
    13, 56,
    13, 57,
    13, 58,
    13, 60,
    14, 55,
    15, 38,
    15, 42,
    15, 50,
    15, 52,
    15, 55,
    15, 56,
    15, 57,
    15, 58,
    15, 60,
    34, 5,
    34, 10,
    34, 38,
    34, 42,
    34, 50,
    34, 52,
    34, 55,
    34, 56,
    34, 57,
    34, 58,
    34, 60,
    35, 44,
    35, 55,
    35, 57,
    35, 59,
    35, 60,
    36, 5,
    36, 10,
    36, 12,
    36, 38,
    36, 42,
    36, 50,
    36, 52,
    36, 64,
    37, 15,
    37, 17,
    37, 36,
    37, 44,
    37, 55,
    37, 57,
    37, 58,
    37, 59,
    37, 60,
    37, 61,
    39, 5,
    39, 10,
    39, 12,
    39, 15,
    39, 17,
    39, 34,
    39, 36,
    39, 57,
    39, 58,
    39, 60,
    39, 64,
    42, 5,
    42, 10,
    42, 38,
    42, 42,
    42, 50,
    42, 52,
    44, 5,
    44, 10,
    44, 38,
    44, 42,
    44, 50,
    44, 52,
    45, 5,
    45, 10,
    45, 38,
    45, 42,
    45, 50,
    45, 52,
    45, 55,
    45, 56,
    45, 57,
    45, 58,
    45, 60,
    48, 15,
    48, 17,
    48, 36,
    48, 44,
    48, 55,
    48, 57,
    48, 58,
    48, 59,
    48, 60,
    48, 61,
    49, 15,
    49, 17,
    49, 36,
    49, 38,
    49, 59,
    49, 60,
    49, 61,
    50, 15,
    50, 17,
    50, 36,
    50, 44,
    50, 55,
    50, 57,
    50, 58,
    50, 59,
    50, 60,
    50, 61,
    51, 55,
    53, 5,
    53, 10,
    53, 15,
    53, 16,
    53, 17,
    53, 34,
    53, 36,
    53, 38,
    53, 42,
    53, 50,
    53, 52,
    53, 54,
    53, 55,
    53, 68,
    53, 70,
    53, 71,
    53, 72,
    53, 74,
    53, 80,
    53, 81,
    53, 82,
    53, 83,
    53, 84,
    53, 85,
    53, 86,
    53, 88,
    53, 89,
    53, 90,
    53, 91,
    53, 92,
    53, 93,
    54, 15,
    54, 17,
    54, 36,
    55, 5,
    55, 10,
    55, 15,
    55, 17,
    55, 34,
    55, 36,
    55, 38,
    55, 42,
    55, 50,
    55, 52,
    55, 68,
    55, 70,
    55, 71,
    55, 72,
    55, 74,
    55, 80,
    55, 81,
    55, 82,
    55, 83,
    55, 84,
    55, 85,
    55, 86,
    55, 88,
    56, 5,
    56, 10,
    56, 15,
    56, 17,
    56, 36,
    56, 38,
    56, 42,
    56, 50,
    56, 52,
    56, 68,
    56, 70,
    56, 71,
    56, 72,
    56, 74,
    56, 80,
    56, 81,
    56, 82,
    56, 83,
    56, 84,
    56, 85,
    56, 86,
    56, 88,
    56, 93,
    57, 5,
    57, 10,
    57, 38,
    57, 42,
    57, 50,
    57, 52,
    57, 70,
    57, 71,
    57, 72,
    57, 82,
    57, 84,
    58, 5,
    58, 10,
    58, 15,
    58, 17,
    58, 34,
    58, 36,
    58, 38,
    58, 42,
    58, 50,
    58, 52,
    58, 54,
    58, 68,
    58, 70,
    58, 71,
    58, 72,
    58, 74,
    58, 80,
    58, 81,
    58, 82,
    58, 83,
    58, 84,
    58, 85,
    58, 86,
    58, 88,
    58, 91,
    58, 92,
    58, 93,
    59, 5,
    59, 10,
    59, 38,
    59, 42,
    59, 50,
    59, 52,
    60, 45,
    66, 10,
    67, 10,
    68, 5,
    68, 10,
    70, 10,
    71, 5,
    71, 10,
    71, 89,
    71, 90,
    71, 92,
    72, 5,
    72, 10,
    72, 74,
    73, 10,
    76, 5,
    76, 10,
    78, 10,
    79, 10,
    80, 91,
    80, 93,
    83, 5,
    83, 10,
    83, 68,
    83, 74,
    84, 5,
    84, 10,
    85, 5,
    85, 10,
    85, 87,
    87, 5,
    87, 10,
    87, 73,
    88, 5,
    88, 10,
    88, 73,
    89, 5,
    89, 10,
    89, 82,
    90, 5,
    90, 10,
    90, 73,
    91, 82,
    92, 45
};

/* Kerning between the respective left and right glyphs
 * 4.4 format which needs to scaled with `kern_scale`*/
static const int8_t kern_pair_values[] =
{
    -13, 6, 13, 13, 16, 6, 13, 6,
    -10, -10, -10, -6, -10, -10, 6, 6,
    3, 6, -13, 6, 13, 13, 16, 6,
    13, 6, -10, -10, -10, -6, -10, -10,
    6, 6, 3, 6, 19, -10, -10, -10,
    -10, -16, -6, -16, -13, -16, -16, -10,
    -10, -10, -10, -16, -6, -16, -13, -16,
    -13, -13, -3, -3, -3, -3, -19, -3,
    -10, -6, -16, -3, -3, -3, -3, -3,
    6, 6, 6, -6, -6, -6, -6, 6,
    -10, -10, -3, -3, -10, -3, -3, -3,
    -6, -3, 10, 10, 6, -16, -16, 6,
    -6, 3, 3, 3, 6, 6, 6, -3,
    -3, -3, -3, 6, 6, -6, -6, -6,
    -6, -16, -16, -3, -3, -3, -3, -19,
    -3, -13, -10, -16, -10, -10, -3, -3,
    -10, -6, -3, -6, -6, -3, -32, -32,
    -13, -3, -3, -3, -6, -10, -10, -3,
    -3, -10, -6, -3, -6, -6, -3, -3,
    13, 13, -16, -16, -16, 6, -19, -10,
    -10, -10, -10, -3, 3, -19, -19, -19,
    -19, -16, -13, -13, -19, -13, -19, -13,
    -19, -13, -10, -10, -10, -10, -10, -6,
    -6, -3, 13, 13, -16, -16, 6, -10,
    -6, -6, -6, -6, -10, -10, -10, -10,
    -10, -6, -6, -10, -6, -10, -6, -6,
    -6, 16, 16, -13, -13, -6, -3, -3,
    -3, -3, -6, -6, -6, -6, -3, -3,
    -3, -6, -3, -6, -3, -6, -3, -3,
    6, 6, -6, -6, -6, -6, -3, -3,
    -3, -3, -3, 13, 13, -16, -16, 6,
    -16, -6, -6, -6, -6, -3, -16, -16,
    -16, -16, -16, -10, -10, -16, -10, -16,
    -10, -13, -10, -6, -3, -10, 6, 6,
    -3, -3, -3, -3, 19, -6, -6, 10,
    10, -6, 16, 16, 3, 3, 3, 6,
    6, 3, -10, 6, 6, -6, -6, -6,
    -3, 16, 16, -3, -3, 10, 10, 13,
    13, 3, 13, 13, 3, 13, 13, 3,
    6, 6, -6, 10, 10, 3, -3, 19
};

/*Collect the kern pair's data in one place*/
static const lv_font_fmt_txt_kern_pair_t kern_pairs =
{
    .glyph_ids = kern_pair_glyph_ids,
    .values = kern_pair_values,
    .pair_cnt = 320,
    .glyph_ids_size = 0
};

/*--------------------
 *  ALL CUSTOM DATA
 *--------------------*/

#if LVGL_VERSION_MAJOR == 8
/*Store all the custom data of the font*/
static  lv_font_fmt_txt_glyph_cache_t cache;
#endif

#if LVGL_VERSION_MAJOR >= 8
static const lv_font_fmt_txt_dsc_t font_dsc = {
#else
static lv_font_fmt_txt_dsc_t font_dsc = {
#endif
    .glyph_bitmap = glyph_bitmap,
    .glyph_dsc = glyph_dsc,
    .cmaps = cmaps,
    .kern_dsc = &kern_pairs,
    .kern_scale = 16,
    .cmap_num = 2,
    .bpp = 4,
    .kern_classes = 0,
    .bitmap_format = 1,
#if LVGL_VERSION_MAJOR == 8
    .cache = &cache
#endif
};



/*-----------------
 *  PUBLIC FONT
 *----------------*/

/*Initialize a public general font descriptor*/
#if LVGL_VERSION_MAJOR >= 8
const lv_font_t ai_passport_cjk_fallback = {
#else
lv_font_t ai_passport_cjk_fallback = {
#endif
    .get_glyph_dsc = lv_font_get_glyph_dsc_fmt_txt,    /*Function pointer to get glyph's data*/
    .get_glyph_bitmap = lv_font_get_bitmap_fmt_txt,    /*Function pointer to get glyph's bitmap*/
    .line_height = 23,          /*The maximum line height required by the font*/
    .base_line = 5,             /*Baseline measured from the bottom of the line*/
#if !(LVGL_VERSION_MAJOR == 6 && LVGL_VERSION_MINOR == 0)
    .subpx = LV_FONT_SUBPX_NONE,
#endif
#if LV_VERSION_CHECK(7, 4, 0) || LVGL_VERSION_MAJOR >= 8
    .underline_position = -2,
    .underline_thickness = 1,
#endif
    .dsc = &font_dsc,          /*The custom font data. Will be accessed by `get_glyph_bitmap/dsc` */
#if LV_VERSION_CHECK(8, 2, 0) || LVGL_VERSION_MAJOR >= 9
    .fallback = NULL,
#endif
    .user_data = NULL,
};



#endif /*#if AI_PASSPORT_CJK_FALLBACK*/

